name,total_elevation_gain,type,id,start_date,start_date_local,timezone,utc_offset,map,start_latlng,end_latlng,average_speed,max_speed,elev_high,elev_low,pr_count,distance_miles,moving_time_minutes,moving_time_hours
PMRP : Lode Loop and Sore Heel loop,153.7,Run,9446383475,2023-07-13T21:28:17Z,2023-07-13T17:28:17Z,(GMT-05:00) America/New_York,-14400.0,"{'id': 'a9446383475', 'summary_polyline': 'onwdFzl}}NI{@Dw@GSm@FMTBW\\YH]Cm@PY?ULY?OLK@_@KSNk@RUJy@G[Ug@WOYk@q@s@GWQIK_@c@YGS[]Gc@WYKy@I@Ia@SCSQFACNq@o@Ua@O`DXUGBJLMNJHGDDHYP@VWZO\\FHTDOj@@K?Hd@XBXNNXKFBLv@ELPHb@UP@R`@BRNL@Vp@j@TFd@d@Dd@INCb@KVWVWDMT]K[C?VH`@LPCJHBPb@\\F@JRLr@BN[ZEBNHFDpBMP[@{@j@IA[r@s@|@ALm@j@Op@KLG^q@z@Mp@S`@Kp@ONDFAF_@\\EZ@NIXWTU\\_@hBYFe@[UGIESu@QKUDe@KSLk@SKLUBo@EUN]]O_@UFQCAWMUG?EHg@g@SAGCEK_@?Qg@WGe@BGMYEAIQICMUGBKIc@BGi@GIi@IYOIYeAMOSeATe@Ys@G[Es@HO?MDCAc@IIMi@KGEi@IQ@g@L_@A]DMCMFKQk@?OMQHa@E_@S[BKGA@GKQAi@OY?m@K]JkAQCI_@KKAa@IIFEECHWEM]FIAAF_@?MDILE\\[d@g@LYXAPk@FH\\NHDCCE\\RTBf@f@?XGp@Nn@Dh@Qx@QTi@d@WFm@t@E^NNB\\Oh@B^JHb@En@\\f@r@Bb@Gr@z@`AW|AHRpA|@RB\\THP\\TRd@NLGVOHBREDi@KYN{@@[LSMa@FEAUQKJo@ImA~@CLFJVVd@CZl@ZTBH@PRWPC^]AFf@Jr@BXUr@ADE\\?XP^FDGfAEt@d@P^VTNh@?PS\\M?]RQBAGGXZ`AbAv@v@@BGVCf@NbBVh@@|BOfAa@NCRLFNHhBMr@i@NYI]L_@?c@FaAZQ\\fBFHL^@xAd@vBE\\KR[Nu@D_APW?QJITNAh@H`@In@]f@Uf@Mh@i@`AFLQjAO`@k@z@AXHFI^@R_@dAChAGFQz@o@vBMB]`@?h@`@T?XKj@ML@Ns@ZW?GQ`@s@XcADc@`@[RWTm@T_AJeAL]`@gBASFS@mAj@eAb@{BDGN?F[^w@NQBYHEJa@BaAN@P`@t@f@HEQY[Iw@q@Os@KOWuAA_@Q]E[b@qCjAoCNaATWRs@NORu@TW\\eAbBoCPIR_@VONWp@IHO', 'resource_state': 2}","[37.6447225548327, -83.71421199291945]","[37.64474954456091, -83.71427284553647]",2.775,9.488,305.7,259.0,0,4.93,47.68,0.79
PMRP : Sore Heel Loop,210.0,Run,9439898989,2023-07-12T20:20:42Z,2023-07-12T16:20:42Z,(GMT-05:00) America/New_York,-14400.0,"{'id': 'a9439898989', 'summary_polyline': 'inwdFfm}}NBFONWHKEAEQ?QHWb@UBMd@qA`BQZK\\GZKPERe@r@Sp@U^Qj@C`@_@l@G^QX@Rc@d@IPQhAGDi@YY{@e@Sa@?QM_@XWGEIGFGEGFWASHSCOJCAELGBICQi@EBUUYLAa@ISOIY@UUEYe@BEIMJIAMYYU?KQ?ULKPQQKBGKEBEOEYBKSMEc@i@KEYBOUg@KAGOAa@MQIa@OYDKG]HKBQIU[]@w@LWHe@Q_@AUSYSwA@_@JICADyAWsADOOs@MQBIEMBKO_@CWKO?OKM@ODEECDIAEDQD_@KKA]g@u@K_@IEBKEACOBUFEQDADKASZOBQ^DNGDCEBJUJGRUD_@R_@`@GCCD@`@XBBBEBJFt@RVNBTE\\O^Z|@]xA[VSb@Q@_@b@GEUN@t@RP@NARSVF`@^DADJCz@PLTX\\BXO\\?PJN?VNLNBRZAZKREVJJ@ZLXj@HJJAFFAJLVHFEE@DFCJLFKN?FD?GPK@{@IEXUBEB@HSBGQWMMUYBg@TCBBBe@P?HEHWEIK?FGFBKCSFO?GIb@UWUDWKAHFHQZ?JAIWW?NGPEAMTUD@JEEUJECAPCDBSQVw@\\_@VjA~C[B`B]?Oz@_AAIFEBe@@RPUNl@J?FRDE?LC@LIEHXKh@@PQNHPGLLDGL^^IZYXAVXLDAB\\WTAt@ODKBFT@DHNBJJPAJH`@On@C^RCHZFBELR?`@T?J`@?NDABNKZQHMEUTQCITEh@N^PFCFf@BFZDB|AGNH|@Bn@Xr@@bBO^?^Iz@[XVJhAEr@BRMPOFQEm@PO?KKQDQEOFGNI@KJALe@BGEEH@PB@f@Er@Nn@BVV\\FBJLFlBEPC`@OZi@F_@CM@_@Ts@POZJLf@Eh@Mb@c@\\E`@]l@Ql@IFMr@Cp@MTEX]`@MXCHF^CZIZC`@Ob@Q~AYv@Kr@QXAVMCODWd@CPJ@Zd@Aj@q@lAK??JG@a@UBKb@o@H]FCBSFGDm@d@_@d@oA?OTo@Fg@NUT_CFQBWAWF[P_@Rq@T_@F_ABKLEFi@^g@@OPQJe@POHODSISAWT@NFNJDPb@^HNAJMJKIa@cAc@k@YcAMgASa@My@B_@Cg@JYD_@Nc@J[AIHSV_@b@cABYAQZk@AGTi@AE\\s@TKF]N[Nk@TM@KRWFSVWZk@FAFUPSJA@KJEBKn@G', 'resource_state': 2}","[37.64469179324806, -83.71427628211677]","[37.64480469748378, -83.71436378918588]",3.029,13.532,348.9,259.0,0,4.41,39.02,0.65
PMRP : Sore Heel Loop and Drive By Loop,368.6,Run,9159069458,2023-05-28T18:17:37Z,2023-05-28T14:17:37Z,(GMT-05:00) America/New_York,-14400.0,"{'id': 'a9159069458', 'summary_polyline': '{mwdFhl}}NEXUXo@?[^YPKCQt@eBvBeA|CY^Y|@GCQfAMDCZ]d@Ot@YZQhAMNm@WQcA[IWc@SBe@p@iAYg@Va@MBJEG_@RQe@_@YS?CTG?Ea@ICIY?NQAUk@i@G{@u@WHQOi@Ek@q@Ca@M@_@_@?k@WWSg@OgAMGKiAF[i@aBFWCQJQI?CSDI?SGKLDUi@KCI_@Bc@EAF}@JKCMBi@WKAq@FKI}@SIUUBQSSHc@IQBk@Ki@FYAiBII?HEOQXK@C]M?FINAJPY}@@OqAb@Gj@q@x@a@LYNBZDACVNGt@^AJLIc@FPCLRJx@MXJJP|@MfASZk@VQ^a@DSVAZT`@?TWx@C^DNtAKz@h@GLFf@GNGAFd@KFHXZBVTFd@Qr@H^PX`AZLNHh@RDMHYSODeAbA?Ku@e@o@Eg@XFf@MVOOEFYK[JCMPa@QFIKKJ_@QCBLJUl@OCo@XESHXBYPTPl@WUPNERFNQtAv@fASZHBBOLCMeABQl@PFLJMtBYBNRPd@MNYV@VXT@z@Yx@GBK`AT\\VlA_@Zb@RDr@xAHd@?TWRcAJAl@IRDVTCh@Pf@`@|@Q^B\\Xf@M|@d@r@?\\MVHvA]f@Y\\LLf@Dx@M`BiAM}@Vc@?]T]BIKOVIf@xA?fCf@xAABG`@Fn@OVc@JUN}BTSLLRt@G`Aa@n@Mn@Wd@e@VIrB_ApBCxAKLCf@OTK~AINo@pCu@`@Aj@f@PJGA`@_@x@u@p@a@MDCMJAVKC?l@N@V|AHDIKBE]GoAsAD@_@FQMw@Oe@CYLKKe@ZUQk@Jk@SOH_@?y@b@I?[GMIu@cBc@YO_@cALW[QJIGIm@K?F[AOMCDUMCCSIAYkAr@h@BG?HXXULBKHFIHb@YNVjA_@`@Fv@I\\u@LG?OTCMm@D]_@QCQk@nABHMd@Ec@UlAnAeCKQB[HDGXZLAFFId@@\\b@JI`@Xd@HTVz@A\\LHTLAFKz@ATTl@Dp@d@jA\\BHJEd@d@r@c@BQZ_@Jw@P[PqBTWLyBN_@@m@`@cANgAl@aAJc@TMh@eBB{@TN\\n@p@^LCIc@y@MWa@@SY@[g@GsAYaAQwA`@uB~@sBn@eCN[n@eAZsApAwAfAsBn@a@bAWH[', 'resource_state': 2}","[37.64462482184172, -83.71412750333548]","[37.64463094063103, -83.7141434289515]",3.164,16.328,349.9,259.0,0,5.58,47.27,0.79
PMRP : Sore Heel Loop,228.5,Run,8885448119,2023-04-13T18:21:31Z,2023-04-13T14:21:31Z,(GMT-05:00) America/New_York,-14400.0,"{'id': 'a8885448119', 'summary_polyline': 'oqwdFzn}}NGNQN[h@eAnA?VcAbBKXORk@~Aa@fB_@l@e@zAQRWhA_@XYEI@m@SIMK_@[g@[Ic@HKAQHUCQJ]EEECDUHK_@OISKOBGIID@m@Q@KJUQOWWGGISIIJS_@G@KKM@MMGD[IGIQ?KOIFI[QUG_@KCSSEc@BMQMEKE@Us@?SMMAMGAK}@?WCGFGAMGUIGEi@GQ@KDEAIFYCC@UEEAOCE@OKOCUIMMg@Ac@BGAUBMAKHMCUGEFM@OC?EY?UG[CW@YI]Uc@BMCC?UIGGg@B[EKGm@H]F@ASGIAKMGKYE?Gi@]O?SAEC@@C?HD@UNKGO@CEFBGHEXg@p@SD[\\KAQRADSERT`@HZPDCPFJp@?XGZPr@@^Id@A^]n@INc@VELg@PGPC?AFDHAFNN?FCTKVAZ@@CHDCf@DVNd@JVn@H\\Gh@DVHTRLPl@?LOt@?HHNRJLLb@Nf@p@Jf@MLSAQGM@EVGBGPIBGJOBEAAKKICMo@?CAAQIAIFARKJGVIDKGWRQ@OCEOG?CMCH@WD?@GHF?MQCSP]F?FA?CJK@DCGJE?CHYHEHMABNGJ[ANHMTGBBGXI`@s@RLNRHETTJDK?@Dh@NlA`AEa@K]oA^AHGDJFDlAACIRPCUGFQd@Wh@IRKf@AJPBCAb@D@\\QNU^QXP`@DLKJ@LGRDBIP@@INAJMH?^RNALJZC|@@\\Z\\LT^HBPj@AXKd@_BfAFRRJJC`@^H?LJL?JHFAJHJAFKPEH@NLN?VDDDRIF@XJ@GZZR@r@KVBn@A\\QB@HGz@OP?LPHn@A\\BTGd@DBWn@iBLa@HYP{@FMJn@GRNp@@`@TFCPHPIPVVHRAh@Fn@?`@Q?IPEFIH_@CW?SDQCIBGCGXc@@ITBJJF\\HJCd@GPMR?PCNy@`BATGHK@ILGxAGHSj@MLMV?b@OjBw@jEQXSv@[NMVQHEHBJCA?HTHP?DVCl@UZ?TUNYL]@EM@M?QCCLGLQDSPc@Nk@AIPK@GXYT[DWEK?ERWx@iENaBDSBCC_@DMd@e@JWDa@Cc@PWCWJGBOJKBIAIF@BEb@y@H[PQAm@ESPCVBTXTBLTNHB^AHMFKGOe@KGK[m@i@Ks@ISKu@ECSaAA{@GWj@eCPi@d@cA@KFER}@Ro@`AwBHEHYP]@UBIVUCEPYHCfAeBZSHWNGFOAKFA^PPCPQ', 'resource_state': 2}","[37.645207112655044, -83.71454006060958]","[37.644659858196974, -83.71419346891344]",2.949,13.132,333.6,259.0,0,4.27,38.82,0.65
PMRP : Sore Heel Loop,232.5,Run,8804960417,2023-03-30T19:33:49Z,2023-03-30T15:33:49Z,(GMT-05:00) America/New_York,-14400.0,"{'id': 'a8804960417', 'summary_polyline': 'wqwdFfo}}N]VgA`BMF?J[f@a@dAORIXQR[x@i@xBi@t@[rAMPQ~@KTk@IQQg@cASE[B_ACQEGFIG_@NQ?MIUFUCKPQc@s@MBICSm@M_@]c@KYWUe@Q?QHYMM?EIe@SGBSc@Cg@UEEKEA?g@IMAM[OEWBWIUMKEUIMI]BEC[FEDYGWWY?[FWEGDC@ICSEKFOO_@?GOW@SMc@@QEu@FEAKL?BIEY@GCG?GKOIq@DOKu@@UOUIy@O{@CKB[KUHWEM?e@UIEGBUGAAI@KUYMi@DMF?QLILGEKDAIYFMVAXOFANOFIPSBILYTIAGHOMML`@j@NE?D@EJ?CHLE?HPAHHALPNJ?B\\APBBSZDJD^Lj@APOXIj@MNM?MLI@QXCJWFIN[RTn@CFEv@CBDTt@DAEFGf@`@JVNLH\\A`@GLDVXj@VH@D?n@K\\ATVf@LDDLJ@d@^HAFZHD@TBBKBWOQAURK^OJITG@GUa@[MDIV?YMa@QDKNSEBGGRHX[ZSVUAQKB?@YBECCFECAAOICQNGIQBCEDJGD?JIJa@HAFKF]NJFEHGKKCAKIIKEIFAHHREi@THGGFTIGpC?\\M~@MaAjADDcA_@UnAHb@@PACFDADFLNDNTFBLGDDBGD?NBPa@`@HJIJBLKHJN`@HD?NNCZg@^[FAZN?NFDn@INK?Gh@OX?l@RP?H@BFJCDDd@Q`@?FLTVF@RXPh@LDHRE`@MTKDKAAFe@LKN?PHZELRLR@XTRENB@DRJBHR?P[NAHHN?BFJE\\NVB^XJ@`BCPIh@?XI@D\\Ub@GPBDH@\\DJAl@D\\Qf@QXu@Em@JECcA^q@NCHr@DFFLG`@FJH`@F@Jb@CBHPJj@Jp@?HJFAj@Ub@a@JUDBESBWCSDAT_ALOJBJRATHTEt@O`@GFm@rAKb@UTDRW~Ao@|@Gt@@LELCn@}@|EUb@@Re@z@WRE?EGAD?RLRNB@H@VM^@HOd@IJq@RIGC_@NQFMCEj@cAJu@d@OBMHGNYEc@LSF[N]b@sBN}@FcANk@C[RQJWRsATWBSRm@r@eAHk@DG?SFK?g@FBG?XFDJHD@JT^PDHJEQOMIUm@SSMMWAg@I]O]DM[cAAW@qAZwAZ}@\\m@P{@\\y@X}@j@gATSB]N_@?OXk@TUlAkBTMBQFM`@Mb@?FI', 'resource_state': 2}","[37.645242903381586, -83.71459303423762]","[37.644758680835366, -83.71428357437253]",3.26,13.85,342.9,259.0,1,4.31,35.47,0.59
PMRP : Sore Heel Loop,219.1,Run,8776433393,2023-03-25T17:59:19Z,2023-03-25T13:59:19Z,(GMT-05:00) America/New_York,-14400.0,"{'id': 'a8776433393', 'summary_polyline': 'qnwdFpm}}Nw@Ds@v@cA|Ac@d@eAdC_@d@Uf@a@tAOz@e@r@g@fBk@nAEBOKESOOCWUg@i@EKK?OYLOl@?J_AWIJ[EOFOGk@HSHEAI[_@Qe@FAUFa@Qa@]IGKSCGMI?OXGGSNMWGa@?PEKBKECED}@Ke@e@IZ?IOE?SGACSI@Aa@SIOaAMWSMC]MA@]QOEo@IE@YEKHU@WS]@GCGGC@GMB?WDIGIRa@Ds@O_@I?EMOq@@]M[@MV[Ga@DGGCHSKK@YOSD_@GEBMG?He@YU?GMQH@BGCQKMEUGADE?QOc@Ji@EE?]EKDIKUCU[IDMMIBOEQHC?YHe@LV?E]D@FYCIJOCGDEEC\\EBEZ?VGL?DMF?Fa@HSZODEH[DDDAFNFt@L`@`@AHFJGVBVEL?`@J\\AVHLOb@Gf@c@^KTc@Pc@^CJIBPn@Bd@Oh@WJECRGjADNTTLTCHHFl@An@GJ@RL^HAFLH?FPFb@KXAr@LT^JBLLBJOXRDN@ZP`@IF@BMPMGQo@K^OJAVIAATI@SKQJAGDHWLSWQ_@M?JU?a@H@GGKXD@EDFl@SLAJUAo@BEJG?WS?FGI?IB?EK@DCA@EP?BMDAKDOKQBGHIMK@CN?GI@JZe@PSTIBGOE@GGE@ANQEjBBPp@HJEBrCbAkASzALDr@FE@LNJAJNGPSFM^Jj@OR\\DABICGZMAGNC^LDI`@?f@NFKLAFRFDTEBDR@FM^EZj@DCFHNIAFDH@RVd@NJCf@KP[PEJm@`@ARTPHAZr@PHjAEr@FDLp@G~@`@LG\\BJM`@FZE@GNH^IHB@GZSH?VMDL^BAl@DBBr@Ex@GJa@Xa@@OKKPKGWLQAEBERQBUIc@R@L`AKd@TZGf@ZP@^XjAEj@Hh@c@FSFa@Gg@JWD?BGCWDSPIR?T@FJBZKh@DHMNEp@IXo@nACX_@`@WbBk@~@Kh@GvAaAhFQ\\ARMZW^K?SXL^RH@FEd@I^O`@s@ZSQ?URs@HENi@HIDa@d@i@J[HCXcAh@cCT{AFqALm@AKl@q@NyAJUH]?QFAz@cBFe@X}@f@JVr@JGVJCQMOQCM[M@AGMIWCO[CBGKG{@GIA]Ow@Ee@@YIi@JSPcAnAgDLo@Z_AtAqCA[DC@KRINQ`AwA`@}@f@_@FQ`@Fb@M', 'resource_state': 2}","[37.64473588205874, -83.71432648971677]","[37.64474040828645, -83.71427083387971]",3.208,9.295,348.8,259.0,0,4.48,37.48,0.62
PMRP : Sore Heel Loop,257.2,Run,8697978353,2023-03-11T17:52:25Z,2023-03-11T12:52:25Z,(GMT-05:00) America/New_York,-18000.0,"{'id': 'a8697978353', 'summary_polyline': '{mwdFhm}}NgALSVc@Le@h@i@~@c@^?JMJYv@y@`AERDPa@v@i@pBYb@@Ne@bAQp@\\kAMMm@NUIKJoABOJ_ADQGg@Tg@IYl@CIq@e@OEMJEIAe@i@@UYELEMQE?I_@EGM_@WQIKFMMMDWS?GO?IIAS[IDOA]w@CMJKk@WYCQMGAQMICQFCK@BGGq@G?BUI?@JG_@MAJKF]K[GBGq@?KICCOAWXSF]CUBCGSMKCOMKABIaAGHFMFg@A_@JQKy@GOAy@IGRi@K]@F@I]m@IGGBKSOBOo@K@Vq@DFFOIOHSG@JCHOIJLGQUIg@KCVO@FQCPOEIFHJEGECDIIk@mBOO@h@EIOIs@^Ol@Wl@KIUBMP@FIAGLSIGBG`@IDGKFREBd@FHVNFDACNLCNLH?RJ@NIl@?`@NHBXE~@_@d@ANa@f@e@RKLAPIFBj@Oh@En@BT\\ACGF@C@DFFCJPd@Xb@HL`AD@GBC\\FNEJXLLC@v@IV@\\BRNNTt@L@FRTAPHJELZHBEL[KML@Xe@f@DBOJBFG?MY[@KIK@BFKLGWSEKYCJMRGl@{@Xa@[Bi@BFGMKDHFc@PD?K`@k@qAVXMEF@OLAIDVIAIPDAGCMh@DIADOPI^c@MAOI@EJAIABlCn@QoA}@ZJz@P_A?NENNz@Ad@V?ANJCIXDEFFVm@?RFCCMD^FFDMGE`@G^D?@d@_@^BD\\JLDEAEFHEMDD?UZDNMPBFKFPGFRFHPTMLFv@YPQ?GVGPXJ@@EFH^BFHV@RUPAV@l@P@HZLJ`@JNNCFXGb@]T[?STM^BRPFGXV\\LJTFBLXADFHGXBBIDF`@CJJNA`@F@Fd@LADj@FTOvBAd@YNEdAKL|AEd@Wb@KHWGOLGE[D[LGCeAZ?FWBAJHPCDbA`@RA~BZlBM\\DTMNYHq@?WN[Hm@TGTj@S`@K`Ag@lAo@`AGh@i@h@MnADLObAGB@p@Or@_@xCOt@_@j@GXURIV?PC@DPAh@Oj@E?EXe@NCDHJAGNMPs@JEBg@Pc@`@OTm@D]NS?a@z@aF\\iDPQDWRWVy@FDBGJi@NUAU`@w@JaAHYRIBHF?PRj@HQDCCFCEIi@OK[[KCm@Oe@KGIqA[iA`@mBd@_Bb@s@@Ux@mChBqDFi@Rc@jAeBr@i@PUAGXADQCy@DA?[', 'resource_state': 2}","[37.64462046325207, -83.7142866756767]","[37.64482665807009, -83.71375140734017]",3.268,12.195,344.1,259.0,0,4.6,37.75,0.63
PMRP : Sore Heel Loop,240.1,Run,8660873889,2023-03-04T22:32:43Z,2023-03-04T17:32:43Z,(GMT-05:00) America/New_York,-18000.0,"{'id': 'a8660873889', 'summary_polyline': 'gqwdFlo}}Nc@V@HQWi@ECLMBK^YZ@LMHMt@IDA\\M^[@ARMVBNKJ?ZCJKIAj@]rAM`@OJBLs@~Ai@tB_@J]EWYoBmAI?c@[_@ESBKJI?IIULI_@c@KORO??HHO?]EGaBe@GKOD[c@CH?ISAMDm@Ym@]EGDQOKQi@i@JIDBYGo@D_@EEI?ASOM?OYOE]MEFEGGINDDNwAIK?WIEDU?KGCDQMB@SI?BIISF?F]GU?a@K_@GBCk@I@AKHSVoAQEEa@Ak@Ks@Fo@IO@[IM?QKMEFQ[Be@G??QKKHUIa@Fu@G[BOEBCMK?Ia@GDKKAFBCSu@NMGMDGc@NII@IKC_@VGGGZE@HDON@DE\\]^a@PEI@DG?IPQQEHDPKNFEGBLJDb@JIID?HPNAEH@MDZC?Hh@LBLGDFFAd@IZZVGf@@j@MTYBGZm@NM\\MBIEEv@MHRFIJHREAGT@RAh@GTDJEEj@CHLf@BDDGL@HPLLATLFd@MFGh@B??FH?BZd@JLTId@A|@GDJ@Rd@N@`@NLTBEJb@PELPYEMFERa@VDNICKJWS[G@IEFEWk@c@FHOJFD@PLDYEO@LFCGIV?ICXq@TDFCTi@?IMNWGACSFw@JNAZUQWN}@INNQDCEJJCDFFQGAFPN@IK?BLc@@FKUMJFMLZR?F_@BCJ?WGEBKMLIIl@`ApAhA?G@^BEVl@H?KLBIE@JCHWNHX?@Hf@SF?RBb@t@P?AITGMHLc@j@\\`@@n@UXu@JCL?VTTAZPl@CDFXYjATn@lBL@BVQZo@LUVGEMTYHCv@R\\t@Lf@ONHPEN@f@ZTMr@BDKFX`@Az@b@\\Md@HbBS^Yh@KVJLZQhAFVIZSLm@COLc@M_@PO?OTMBGROMMTh@d@jAJbBp@jAI\\D~@g@Fo@^iAFs@IDDZLHCJVRSl@?Xq@pAm@b@MXAb@Ux@Wl@AXQj@YJKXCj@BTGLBHG?E\\MVE~@Dd@PLGVWZM|@MFUCQNATFXPJ@\\INc@@HVOPWHG`@JDRAPMAQNY@[FBFO@QLm@VSNy@Vg@bA{FLuAv@wAHs@COPg@b@e@D[EWr@uANu@P[HTCTLTdADIFU[IHOGGMEs@GQMAKOI@EMEeAO?MeAU{@NSD[OWVmA\\gAl@kAPaAZ}@nByDCIf@g@?IpByCh@SP@NO', 'resource_state': 2}","[37.64516654424369, -83.71462957933545]","[37.64469154179096, -83.7142745219171]",3.243,11.062,340.8,259.0,0,4.65,38.42,0.64
PMRP : Sore Heel Loop,233.5,Run,8649852094,2023-03-02T21:14:21Z,2023-03-02T16:14:21Z,(GMT-05:00) America/New_York,-18000.0,"{'id': 'a8649852094', 'summary_polyline': 'onwdFvm}}Nc@AODDBQFCEFJWB}@`Ak@`AOLMD?JY^Ib@]|@w@|Ac@~AC`@QNq@lBa@n@WdAWCUSKWWS[EKQYNWK_@JQMs@LY@_@Qa@XMk@OD]IMMJQEG[BCNQUG@MS?OQAY[MDAGIHQg@qAMQBOKEMEHIg@GEOg@SB?FEGKc@Co@KQOCOw@?IOGC_@QSBGGSFOIORa@UQMYBs@DFBEEHFi@CE@WIUA[KM?EM@K_@@w@Ka@XgADCE[CBGg@?]IO@SGi@OM@KM[Cg@EDCQMBF{@E]BW@FJQG][_@Em@CDMMGk@@FMBI[QUDNAFG?IQC@?DIAQJ?PSz@m@TM?[f@IBQI?LCK`@^PCPX?Fh@JPXA^O^FHLnAUn@Kn@ULIN@FUDCNUDe@b@QIBNNJDp@QdAHFPIHDAIN@X\\d@JXVDVD@ANDDM^@HFHNX@PTLJZMt@@ZRRL`@d@JVTJ\\NNAPOFu@AW`@CAW\\CACDK_@UOKAAFM@KWE?KD?NEAAJk@LCIJ^_@L@FMEMMKA@HCI@M@DC]@TH@KWO@OI?HEICTKHE?DJGJGMDACTIGALKIGBENYNCH@G_@JGFHHK@BFRMR[NAHJR@pB|D_@N[QL@JMSALS@WDC@JJFX@CIHCT@RFJGBBRQ@QLR@CFTDILTNILLAINQVK\\NJCFXHKEEPALHFKTDCU^G@GhAPPNp@?ZOh@VTDv@hAFTKd@U^[Jq@h@D^^X@GPF`@ZFQN?^ZRCX@LFDE`@JV?p@PHLAMVJZAFGVD\\IRJJCBKZ@v@c@PBNGVd@@z@GTEv@IPQJU@e@N_@G_@F_@TYA]FGFKAACJFn@CZHLLdA@XPHPl@Nj@Id@@d@Ir@_@FKBYCW@]Hk@A_@RDf@n@AN@G?`@CTMR@LQTAHa@|@Y\\EVOJM|@@`@G\\[d@Un@?VEF@h@OdA}@rE[l@GXQRWDC\\XRH^OZAb@INGBAJ[Jg@@?W`@_@TiAN_@C[VYNCDOPON[D]HKB[Pe@b@mCPcBAa@FUl@_A^uBx@wAZgAJ}@AIDG\\PPr@b@JHN?KE?ES_@Oi@g@OEKc@QYCm@c@yBAc@Di@\\aBfAoCd@iB|@sB@OJ_@ROn@wA^k@lBaCv@??QGG', 'resource_state': 2}","[37.644720710814, -83.71435289271176]","[37.64479447156191, -83.71417712420225]",2.854,7.196,333.6,259.0,0,4.4,41.4,0.69
PMRP : Sore Heel Loop (short),188.4,Run,8632830532,2023-02-27T20:26:12Z,2023-02-27T15:26:12Z,(GMT-05:00) America/New_York,-18000.0,"{'id': 'a8632830532', 'summary_polyline': 'ipwdFnn}}Ng@F?LKFyA~BKDAFW\\KXONEHMDILAFI@EDIBKJEJL\\c@|@AF_@rA?F_@r@Wn@g@nB@BGRATOP[?WKw@g@U[GOOOO?QIM@OOE@ONCIGC]Lo@[k@HGFGAEEGQECAOc@AISKCCIQACMMOE@EOMFES@GOEIEAEKAQBKIWFUMEBDQIHEN@FED@GIMKIASKEK?ADMCGWGECMQSGMMIQWCIECEUIICIGWGCDICIBUC?AEIKA_@Ja@?IMi@KEIQCC?GEI@BBEEE?QEQFM?GCI?[EGF[?GECDUC?ASECEQ@ACEAO@ICWCE?WBEIOC_@GM?UBGBo@FUCMBIAGKc@GE?Gc@q@ECCIBECOCADOCKGI?KIIAIAOB[CWB?Fm@AGEIAYEGBCCK@AAY@ME@AGIDMGAGI?CGM?MRANSZMFSRG?KXGBOAa@JM@BB@LDFEFAFBHBCJABFF?F@d@n@AJBDANJ^?VHHAL@LERBLATD^K^WRIBY^G?CD_@JCDGFCLDRCRDTCDIFEXAEAFDNHBf@b@J?NLPPHRFBLPA@AHDDEPHPDZDDF?FVDDANFLDBAZAH?VBVVXAJFB@HLBDNVLHFF\\FNCDACEHSJ@LCPCBYNGCILQC]HIHG?EM@AOOAEABCCAGKCGFKDIVCXWN[GOK?BE@EEE??CG@DKB@SEKD@?SOIME??LI?FBATMJELEACFKBDIEA?HFHCD@FEPA@D?@CAD@?LIDUCFMBCDEIOODQCGGBXf@@CQCDHEEBHEd@FBHLHBBDCDFE?FFLL@HJDXBE@HAPFDDONKF@BJBGNAV]VOD?HRLNFAHD^GNIP@BAB@A@DARLFAHJDCJB^@h@]j@ID?NHJGJ@FHHG\\Cn@DTGHBJEHDHA@@BNFBPTD`@CP?DD@BDANBZBLB??HGNKFGb@CDF@@HHDADD?FHDATXD?HHPA@DNJNARLTELGHJXD@F@?@EBANBFIB@VK@G\\OFGBKLIVGLFFCBB?HJHLZFZCRB@?NBFFh@Zr@BNEXGLUPIN?FKDGIU?@BAA?FPC@BXLDJf@@VLBDVBf@DhAE@EPALIFADBDED?DSBAH[ACFI@WBGBG\\MHODBEFAJXAJEDDJ@BEJFJXG`@HPB@DEGB?EM?BC?CC?KYGAGMC??SMMKSCI@ECCCUM[BGECGW@SEGDUEK@EE_@BCDYFGB[DWFMBSn@}BVw@JQZy@Lg@Vi@Vu@Zm@BUXMHM?GNOJSX[r@gAPQD?JK?SCEDQ', 'resource_state': 2}","[37.64501005411148, -83.7144787888974]","[37.6451073680073, -83.71440385468304]",2.67,7.138,333.8,259.9,0,3.13,31.42,0.52
PMRP : Sore Heel Loop (long),250.1,Run,8627995854,2023-02-26T19:55:35Z,2023-02-26T14:55:35Z,(GMT-05:00) America/New_York,-18000.0,"{'id': 'a8627995854', 'summary_polyline': 'qowdFxm}}Nq@Lw@t@q@tA_@VQb@_@h@Op@e@h@ARYj@Mh@QFEVJh@WVAXY^WX@PYf@KMKRCIYCB_@i@@_@ICHOBOICMSp@MAYNKGCH[DICCQ{@R_@IO??FMc@KCOLc@AAa@FAMWELGCq@q@_@USEW_@y@D]MIBMYIC[i@@OGQ_@GMOFa@OKCOU]ScAUa@Eg@KMP_@[{@D]ESG?L[Bi@GYICGe@WUDa@EWJmAIQFk@EMMu@@y@WS?UOu@@EE]IGBg@IUDa@EYB[Yc@UUA_@[]AQO@CNk@?Ct@WRAIIPYRQVg@JITJVXH\\BLF?JPFFXKt@?ZP^Bh@Il@Sb@KFc@d@O@Q^YPC^FNAl@GFEh@ZRPCv@RHNJBHd@JPC|@r@jAOx@Hp@\\\\z@d@`@|@GFa@[@FWBO\\?TQPQEKYe@EKG@KU?[Tg@JOf@GOMFOGGYBDBIMEFBCD@GSHSIYZCLOAGLSCU`@_@PIABIEFA\\OHM\\JN@n@tA[TPPA^TAcALPRUIH@KINDAeBf@F@Z`@NCDHh@Db@U`@B\\SZHLV|@]HDZMHNt@BPOv@?XSTRTCVPb@HPQ`@GjAt@h@rACZMT]LSAY\\AXX\\LVN@LV`@P?DzAMJH|@B^X\\HzAWnAC`@YDDRUNAVNHn@Dv@QfAYP}@EsC`@ITFJHGlBVj@R`@ZZFhCKZWRa@?iA\\mAP@Nx@j@V?b@FLFTl@A?KCOUUg@Y?QUGQPBREf@[XGb@u@rAWv@If@?f@GXOVOFCZIHGdAWhAM~AQz@a@tASJ@HOTe@d@Cf@gAdDF`AdAlEM`AEvA}@lAGl@@R^tAATN\\BR?TUd@@LEBBDMb@N`@HrA?TKZBXILIj@K|@Ad@BVRb@FE@s@J]ZKf@JZILITc@Ud@OLQBe@QUH[d@?n@GDMG@SKi@P{@CS^}@HiAGs@IIFGYeALc@@F?YPK?[C_@MG?s@YoA@_@GGjAiC?cANk@Aa@a@}@UwASq@Gu@JI\\Jj@a@Xa@Ja@?u@e@OESFOl@U^iAj@eCl@qFf@m@No@DcAfBcEFy@MmAg@iCOwA`@uBVw@n@qACCd@_B~@gBl@cBj@u@hAsBp@g@FQt@GHKAI', 'resource_state': 2}","[37.64489178545773, -83.71436420828104]","[37.644765470176935, -83.71423579752445]",2.595,12.92,338.5,240.1,0,5.21,53.83,0.9
PMRP : Sore Heel Loop (short),183.2,Run,8616251867,2023-02-24T20:26:50Z,2023-02-24T15:26:50Z,(GMT-05:00) America/New_York,-18000.0,"{'id': 'a8616251867', 'summary_polyline': 'gpwdFpm}}NEHWPSVSNIREPQ\\GTk@n@m@jAQd@SRITe@|@g@nBOV@HIH[j@S|@IPIFCCM@QEOUAGa@@G?EGMAKLE?YKE@GIK@@LAPEHCBICYBODMIE@ACK?GFIEUDCE]BKDMIQ@EIESEEe@HMCAC@INWAGGKc@NGQKCGKGAAEM@_@M][EIWC[@_@KKIABMMCKMMEKGECIE?GW?QQAG@ISIAAO@IDCAQ][M_@A[OWAIQQES@KAEGCAIFOJI@GAKC@CGAOIM@UIUEC@MAG?KCGBUHGBSIa@Ue@@CGOCIECGS?SH[AIBGB[HWCK@OIW@WII?GGK?_@Bs@KAEEKa@C[@QKSKUAQBCEO@KEK@c@BIGQ@GQSIA@EEM?QKMB??CEMQWACFKIGEFMBIF?GCAABKIQJAL@\\GDCHSNIBILIHy@\\CFMBBPF@DHP@PJR?DPNHP@BFDRCF@FMh@D\\DDBF@l@CN@HALC@APKVAJGBELKAIFE@SRSFc@l@I??HHRABD@@F?Z?JDDAFIRBBEDARHFL@HCDDd@BFHRFTN?HHN@^BJIf@NTDJJFBLHFFVANBFIVARH^LJ\\`@FAFFLBFFDADZRVDVG?KKMAEGKDK?GHCA@FOLC^EDADG@QKGWIG?CE@@C[FECGKSC@DCDCGQDCJ@DCBGAGJ?HD??DYDCVE@MGMQCFAi@KH@GCCFAE??C@A?BGACHKFCACKCAQJGPGBHNQIC@AHC??B@ACAEFECE?AC@DGD@FKAMD?FKAKGAFDPDHAKKFMJ?JJR@FALDDLCFGVB?NHOATDABFLDFPCOBDAG?BAGECCTJ?ADQB?BDB?IRG?D@AJF?JD@ADLDFF@DD@JEHQ\\ENKNBVANBHHDJNFNKD@DKNO\\APEF?RRH?BFL@TSL@HEL@HEDKN@BC@Cj@Lj@XX?h@U\\FFJXJDLD?N^RVVv@ENSRAFYDSRMDSZBPNTN@BHNPZBFBHLFBhAMv@Bv@THJ`@FBDz@UJDp@ERBPERMR?X]XFJJDH@VDJAFBBAPBFAH@RCH?`@KRYTMCc@BGCOFMCQBGAULQBIFq@HI?CB?HLHLGBD^FNAd@HJAr@Vb@XTF`@GtACFGF?LIRWDUDI@SCQBYNc@?KHO@MDEBSG]Gi@Qi@Am@CIC]ZqBl@uAR_@Nk@CGd@oAb@{@FUVc@HUDGJa@Te@\\k@LKPUd@_Af@i@b@a@l@CNMEG', 'resource_state': 2}","[37.6450090482831, -83.71432967483997]","[37.644734708592296, -83.71419606730342]",2.4,8.312,335.8,259.9,0,3.28,36.62,0.61
PMRP : Sore Heel Loop,177.3,Run,8611260707,2023-02-23T19:33:36Z,2023-02-23T14:33:36Z,(GMT-05:00) America/New_York,-18000.0,"{'id': 'a8611260707', 'summary_polyline': 'cpwdFzm}}NSHo@f@S\\GXILKZSTGPORE@CL_@j@ANENg@p@GTOTCPMTU|@Gd@KJi@lA[`AINKEQ@_@Y[AOKo@DWKKHAZSJOBw@G_@F[EOBGESCCDIAGEEYGCOAMFSECMD_@EIE?CJEBYOYYa@C]KM[GCGAABQGQBk@USCCKKEISSYCa@SEQSGA@YCSMMIUMOEMEC?SECWk@Ae@GE?IEEDOLMIa@C?A[GIEo@CEFSAIFMEIBQCUM[IGSgAH_A?{@BIYyABIG]FQKGMc@CS?OSq@@KEIAa@FKAIECDm@CYICMc@OQCK@IWYIYED@HC@ITEOOEMBCB@HATSZCLUFWZSLMBUT?HLFZAJB@DP@JDX\\?h@Kf@@LNZBTCR@HYpA]^[RCFSJi@p@NP@PCL?XINEh@HDZKPB`@PVNV\\@J@f@CLAb@PVXTLV@VANEPGF?LDT^d@TLVDRPHXFLDBDRGHK@KKK?EEADOBIRMLAHUTMCGGCOOGCEK@GFOKE@ACADEEKNI@EHI@?JK?B??Fg@^]IOi@@Q@CABD?G@@G?HKNI@?CU?OLENCC@K@DCAAJKPAC@HEAGLEMCVGCAD?DB?G?MMEFIBFB@PQF^LLJCPDJb@DLXD?DHJFx@{AGa@FP?S@JEDHXB?DPIH]?EC_B`@D?ACBBMDAFFKHBDENAJTLHJ@NNj@WJEXBXMXBDCP\\J@TW\\G\\?`@PNGFBLGVBJANGVQH?b@Dt@Vx@QN?b@\\NHH?Zh@DB?FNXJh@I\\UXG@GJ[HSXAHLRDBDHLDLJVDLHR@hAGx@NP?b@Rj@Pl@Q^D\\Ad@Gd@Of@WXDP~@@l@Cx@CJMRMFS?IF]B_@?iA\\k@DKBEDBJLElBHjA\\RNZBPEHBt@ETDZQV]D[AOBI?g@DET}@HEFHLb@?TFV?l@Wl@Wr@EVQ\\?FGFM\\KJEj@Kp@S\\QLMTGX?x@CX]lBEd@S~@O\\YhAc@l@MHGNDNXHJP@JEZYl@WZa@PM?IQX_Ab@yBp@e@JOLg@?GDEDSDEDe@Ny@ZuB@UDWBe@ASDULS@IXYNUDQ?{@DIBQPa@l@w@BOHONg@LQDYCi@GEUiAC_@EM?UO_@Ii@GeA`@kBr@cBFWNU?QHQ@WTq@JMDQNQDOR_@FUT]X{@Xe@HEPWPa@LORe@b@c@@Gb@]VC\\@HKCIIEB@', 'resource_state': 2}","[37.64498859643936, -83.71437644585967]","[37.64478265307844, -83.71417536400259]",2.39,13.246,328.4,259.0,0,4.07,45.65,0.76
PMRP : Sore Heel Loop (short),81.0,Run,8441176813,2023-01-23T22:24:52Z,2023-01-23T17:24:52Z,(GMT-05:00) America/New_York,-18000.0,"{'id': 'a8441176813', 'summary_polyline': '}}wdFjc~}NOA][OAO@YMGHE@g@C?LEHMFCFEBICYHKEIGEACDK@EAC@K?AEC?M?KHGAEBMEMBEBAKMMGCE@WIO?AA@MCEo@[EIEDEAGKAGMGAGGAGEUCMKIAEOEAIAECS@]ISIGKMDCEGDGGEUCIGC?[CEUQ?GMCCEC]Wa@?CCAKQ?IESMQWaA@IAK@?EA?C@W?KBGEK@EI]IMCm@EOHYCQBOIg@ECEISaAAYBUASFEBSD@EQAYEUCy@EYAWK]EE@ICMOMAG?QGSKy@BSEQA_@DG@E?KEEBIIGAEIs@OMEc@BCGBQ_@MBg@IGJ?F[j@YRABKDUZQJIP?Fr@ZTVF\\CPBLAPJ^FbAIj@Ul@MPGBk@j@CAMROLAFCH@|@E\\ARHBFHd@L\\PRPJNBZFR?TJd@V`@HZ@ZE\\Hr@VVF@XRDHLJ^r@FVD?JVTLH@FN@^@G?PDF\\TH?@DB?`@ZTJ\\\\F@PPTd@X`@@HHJHBLPNj@C^GPSHYZEBCHANDTHPTZH@@ENRH@@ANFPENBBC`@HNAHDFCn@NJHNDD?LFFE^C`@B\\EZ?TGTAd@Ul@ED@PTLb@?PA@BP@r@ENMRGHE@GFKDAAUDu@@WHSL[BSHIAOF?@BCLDP?THHHFA\\@`@NRBH?JHd@N`@@l@AFBf@ITKRa@NkAF]FK?ODKAB@?F[@AAs@', 'resource_state': 2}","[37.64719722792506, -83.71781612746418]","[37.647026404738426, -83.71914206072688]",2.134,3.732,308.0,259.9,0,1.97,24.75,0.41
PMRP : Sore Heel Loop,220.6,Run,8023377719,2022-10-26T16:43:13Z,2022-10-26T12:43:13Z,(GMT-05:00) America/New_York,-14400.0,"{'id': 'a8023377719', 'summary_polyline': 'epwdFtm}}Ny@dAe@f@c@n@?DUPKTMH?Fa@v@G\\KFGPSZq@|A@PSZ@NGD?PCLOJS^Qf@I^IJG@AF@A[GYSq@Ma@He@IKLITU?GDK?c@IOFYBGGWDi@ECAEQEAYEU@CKBOAIICWBKKAKICGMa@MU?GCUNCABEBUGK]Ma@Cq@UYi@QS?KEEAOYCCKMIAGFI@OOMQ_@Ke@?YUWAMIGGYCABIACBMFC@O_@oADUGODC@W@KCG@WGYECDOSKGK@WCC@GK[DIBUFE?]BOEWBSGA@IECCeAGUAQEE?OBGGAM[@WEQBKEC@SSOAUBMCC@ECGF[EEAKKAAY?JONNQAIDMCCBEAGa@s@Ec@CKSQ@OCGS@QLOGG@GFKp@EDIRG@EHG?ULGJQJ[JGHAVHJ`@FFHj@VP\\A^O^BRTj@@RId@]|@WJUX_@T_@Z?HJp@CHBZCNKT?LJJd@Fr@RZVFRDB@f@ENAR@LJVTLR\\A\\GPKLALXn@JJLDDJr@XZj@BJEBWUQFQ\\IBCPQRSEYc@OEI@MQMH?DE@QHGGEDCFML?VMLIIk@IEOG@CFE@AEGDHAFQJIUAa@NEDALIBOLFAFJMIEF?GEAML?F_@VCA@QCAEMKC?RCDC_@?DG@AZELFLDXFDHXz@n@EIHAOU^SBO?QBFQ@XWUJ@HH?CPO^QVJ?GJ@Hb@AAJDB@FEHDBFICABGEFf@@LCLK@DLCn@@XMZJBLBBN@TYXOb@?NNTF\\C@EREJBHIHAHBVQH?FDBHr@D`@Bl@KNBLPF?JRJALJn@tA?XMTKJ[Ha@\\G@GPHPNH@HND@Tj@ZR?FFVKp@KVLJAj@FXPFHP@LANFR?\\IXANKP?DITDVCh@MLIVBJHJhAFXCJCh@GDETi@HOC{@FaBh@S?ABDHtADh@Xb@Hp@Zh@@rAE\\ORYNs@?WRuALQF?BDFACJ@RFP@t@G^S^CP_@|@MPOb@KNETEH@FE@?XMt@[f@]`ABBAr@MdAQrA]vA@DCNEFMb@MVi@d@K\\b@VDPGh@QVIVQRWLUBC_@B?LUViALSDe@JQj@c@Tq@Hc@HUHo@HONoALi@NwBz@mBB]N_ABAJg@x@mAJY?KJKFS?c@Iq@Ci@@ASQMkAM_@Ko@?s@ZaBZaAVa@Nc@LQ^aB~@eB`@sANOPa@PS@G`@e@`@}@Za@z@u@', 'resource_state': 2}","[37.64499488286674, -83.71434886939824]","[37.64493905939162, -83.71428868733346]",2.629,9.564,339.9,259.0,0,4.08,41.62,0.69
PMRP : Sore Heel Loop (short),133.1,Run,7957898757,2022-10-13T16:37:12Z,2022-10-13T12:37:12Z,(GMT-05:00) America/New_York,-14400.0,"{'id': 'a7957898757', 'summary_polyline': 'u}wdFzc~}NCEG@EEIAM@OYQACEG?GCE@GAMHMBCIGAOGIDIREDEBQBGFs@BSFa@EE@EIE?EZE@CKM?ECOCE]MOGJWEEEGBMM?QHGEKMFC?CKc@SQ?ECK?GCKGEKEEE@EEGKGCI@UIK?OOYIK@?OSSCM[]Aa@K?GBE??EQGFUAOIMOM[c@AGH_@CGYWAGQMAUGIC?@ECC?KNKHM?ECAAKGM@EGGDIGG?GCIDUAUDYFQBa@Yc@OK@KKWECAMEED[J[?a@@GFGB[EI@SIS@EIU@CKGE?J[CGICAUISEC@EFAAKGICI@MEODWEEAKKO?IGQMUAIP}@AKDOBC]O?ECCWE?OFICABEAIIKEC@?AA@AEG@IIK?EC?AHG?GJWAGEAHB?A@E@?FABCA@B?E?J@?A??VAB?LEBCHKBQNG?QJOZIDGCGJCCGDCN@DHDDJF@@CLGLH@D@CFHDB@AHHTLBRD?BFET?JGRCTFFF@?DD??D@fAI^Wh@SHUPKBKFE@EJCAIDGHGBWVC??DFPPRBRCZBZOf@?HNF\\GH@BCRCD@FJRABFJDNPDH@l@ETDNCJGJFVJBDDD?@FD?BDD@@NAb@Mb@@H?TDJZJHHHBDJJBHHNDDDFEB@LX?HBF?LEFC?GGMEC?GG[LADKJ@HKLM^IGOCBGAKQO@GKA@CK@?CC@ACA@EEG?CKG?UZE?ECGDEJDB@JBEFLAD?A@@KLSIAHCBKBCA?EC@B?BFH??A@@BCF?T^GLQ?UP_@FSNGGILFLP?BBRADE?HD@FN@JF@BDBCF?LH?GF@@LFLF@RT@@BCD@BDC@HM?BBABMJGNCHB@C^ABCDBDJDDBA@DHDAENBNKFA@E@@A?TGD@PMHBLC@AB@@CJHJ@@BV?BBHGNBRKx@?\\b@JH?BD???@BFFF?@FRTDJFJDt@Qf@WHUDKNI?OHCF@NFJNHBHNRH@LLH?`@RN?FBF?DER@BCF@PIHDf@FLBLCHDBAZTTHN?DID?PFHCFEBMHBR?FBNAD@TABCF?ZGVULCPGP@LF@L?HBf@AHBJCV@FEj@?ZADOJM@U?e@GU?o@LGASLMB?BE@O@CCC@CAYFGH@FF?PAJDHAb@DDAHBNCDBVDDFXH', 'resource_state': 2}","[37.64715850353241, -83.71789089404047]","[37.647131429985166, -83.71791126206517]",2.277,6.52,332.2,259.9,0,2.65,31.2,0.52
