"STATION","NAME","LATITUDE","LONGITUDE","ELEVATION","DATE","PRCP","SNOW","SNWD","TMAX","TMIN","TOBS","WT01","WT03","WT04","WT06","WT11"
"USC00150483","BEATTYVILLE 4 N, KY US","37.6336","-83.7161","329.2","2022-01-01","1.91","0.0","0.0","63","46","57",,"    1",,,
"USC00150483","BEATTYVILLE 4 N, KY US","37.6336","-83.7161","329.2","2022-01-02","1.44","0.0","0.0","70","50","50",,,,,
"USC00150483","BEATTYVILLE 4 N, KY US","37.6336","-83.7161","329.2","2022-01-03","0.05","0.0","0.0","50","26","27",,,,,
"USC00150483","BEATTYVILLE 4 N, KY US","37.6336","-83.7161","329.2","2022-01-04","0.00","0.0","0.0","32","19","23",,,,,
"USC00150483","BEATTYVILLE 4 N, KY US","37.6336","-83.7161","329.2","2022-01-05","0.00","0.0","0.0","45","23","42",,,,,
"USC00150483","BEATTYVILLE 4 N, KY US","37.6336","-83.7161","329.2","2022-01-06","0.00","0.0","0.0","51","27","29",,,,,
"USC00150483","BEATTYVILLE 4 N, KY US","37.6336","-83.7161","329.2","2022-01-07","0.57","7.2","7.0",,"11","11",,,,,
"USC00150483","BEATTYVILLE 4 N, KY US","37.6336","-83.7161","329.2","2022-01-08","0.00","0.0","7.0","16","9","13",,,,,
"USC00150483","BEATTYVILLE 4 N, KY US","37.6336","-83.7161","329.2","2022-01-09","0.77","0.0","0.0","45","13","44",,,,,
"USC00150483","BEATTYVILLE 4 N, KY US","37.6336","-83.7161","329.2","2022-01-10","0.82","0.0","0.0","47","20","21",,,,,
"USC00150483","BEATTYVILLE 4 N, KY US","37.6336","-83.7161","329.2","2022-01-11","0.00","0.0","0.0","35","16","19",,,,,
"USC00150483","BEATTYVILLE 4 N, KY US","37.6336","-83.7161","329.2","2022-01-12","0.00","0.0","0.0","37","19","37",,,,,
"USC00150483","BEATTYVILLE 4 N, KY US","37.6336","-83.7161","329.2","2022-01-13","0.00","0.0","0.0","41","35","41",,,,,
"USC00150483","BEATTYVILLE 4 N, KY US","37.6336","-83.7161","329.2","2022-01-14","0.00","0.0","0.0","54","31","33",,,,,
"USC00150483","BEATTYVILLE 4 N, KY US","37.6336","-83.7161","329.2","2022-01-15","0.00","0.0","0.0","38","30","31",,,,,
"USC00150483","BEATTYVILLE 4 N, KY US","37.6336","-83.7161","329.2","2022-01-16","0.00","0.0","0.0","38","27","28",,,,,
"USC00150483","BEATTYVILLE 4 N, KY US","37.6336","-83.7161","329.2","2022-01-17","0.77","7.5","8.0","32","23","24",,,,,
"USC00150483","BEATTYVILLE 4 N, KY US","37.6336","-83.7161","329.2","2022-01-18","0.00","0.0","7.0","26","23","26",,,,,
"USC00150483","BEATTYVILLE 4 N, KY US","37.6336","-83.7161","329.2","2022-01-19","0.00","0.0","3.0","38","26","38",,,,,
"USC00150483","BEATTYVILLE 4 N, KY US","37.6336","-83.7161","329.2","2022-01-20","0.75","1.0","1.0","40","21","21",,,,,
"USC00150483","BEATTYVILLE 4 N, KY US","37.6336","-83.7161","329.2","2022-01-21","0.00","0.0","1.0","23","15","16",,,,,
"USC00150483","BEATTYVILLE 4 N, KY US","37.6336","-83.7161","329.2","2022-01-22","0.00","0.0","1.0","22","7","16",,,,,
"USC00150483","BEATTYVILLE 4 N, KY US","37.6336","-83.7161","329.2","2022-01-23","0.00","0.0","1.0","31","16","24",,,,,
"USC00150483","BEATTYVILLE 4 N, KY US","37.6336","-83.7161","329.2","2022-01-24","0.00","0.0","0.0","39","19","24",,,,,
"USC00150483","BEATTYVILLE 4 N, KY US","37.6336","-83.7161","329.2","2022-01-25","0.00","0.0","0.0","43","19","29",,,,,
"USC00150483","BEATTYVILLE 4 N, KY US","37.6336","-83.7161","329.2","2022-01-26","0.00","0.0","0.0","33","14","16",,,,,
"USC00150483","BEATTYVILLE 4 N, KY US","37.6336","-83.7161","329.2","2022-01-27","0.00","0.0","0.0","24","8","16",,,,,
"USC00150483","BEATTYVILLE 4 N, KY US","37.6336","-83.7161","329.2","2022-01-28","0.00","0.1","0.0","39","16","29",,,,,
"USC00150483","BEATTYVILLE 4 N, KY US","37.6336","-83.7161","329.2","2022-01-29","0.02","0.5","1.0","30","7","10",,,,,
"USC00150483","BEATTYVILLE 4 N, KY US","37.6336","-83.7161","329.2","2022-01-30","0.00","0.0","0.0","26","10","26",,,,,
"USC00150483","BEATTYVILLE 4 N, KY US","37.6336","-83.7161","329.2","2022-01-31","0.00","0.0","0.0","44","23","29",,,,,
"USC00150483","BEATTYVILLE 4 N, KY US","37.6336","-83.7161","329.2","2022-02-01","0.00","0.0","0.0","44","28","31",,,,,
"USC00150483","BEATTYVILLE 4 N, KY US","37.6336","-83.7161","329.2","2022-02-02","0.00","0.0","0.0","60","31","43",,,,,
"USC00150483","BEATTYVILLE 4 N, KY US","37.6336","-83.7161","329.2","2022-02-03","0.50","0.0","0.0","48","41","48",,,,,
"USC00150483","BEATTYVILLE 4 N, KY US","37.6336","-83.7161","329.2","2022-02-04","1.96","0.0","0.0","49","24","26","    1",,,,
"USC00150483","BEATTYVILLE 4 N, KY US","37.6336","-83.7161","329.2","2022-02-05","0.00","0.0","0.0","26","18","19",,,,,
"USC00150483","BEATTYVILLE 4 N, KY US","37.6336","-83.7161","329.2","2022-02-06","0.00","0.0","0.0","31","17","22",,,,,
"USC00150483","BEATTYVILLE 4 N, KY US","37.6336","-83.7161","329.2","2022-02-07","0.00","0.0","0.0","47","22","36",,,,,
"USC00150483","BEATTYVILLE 4 N, KY US","37.6336","-83.7161","329.2","2022-02-08","0.00","0.0","0.0","50","20","26",,,,,
"USC00150483","BEATTYVILLE 4 N, KY US","37.6336","-83.7161","329.2","2022-02-09","0.00","0.0","0.0","49","26","42",,,,,
"USC00150483","BEATTYVILLE 4 N, KY US","37.6336","-83.7161","329.2","2022-02-10","0.00","0.0","0.0","55","36","44",,,,,
"USC00150483","BEATTYVILLE 4 N, KY US","37.6336","-83.7161","329.2","2022-02-11","0.00","0.0","0.0","54","30","46",,,,,
"USC00150483","BEATTYVILLE 4 N, KY US","37.6336","-83.7161","329.2","2022-02-12","0.00","0.0","0.0","67","38","38",,,,,
"USC00150483","BEATTYVILLE 4 N, KY US","37.6336","-83.7161","329.2","2022-02-13","0.00","0.0","0.0","40","24","24",,,,,
"USC00150483","BEATTYVILLE 4 N, KY US","37.6336","-83.7161","329.2","2022-02-14","0.00","0.0","0.0","34","19","23",,,,,
"USC00150483","BEATTYVILLE 4 N, KY US","37.6336","-83.7161","329.2","2022-02-15","0.00","0.0","0.0","37","22","29",,,,,
"USC00150483","BEATTYVILLE 4 N, KY US","37.6336","-83.7161","329.2","2022-02-16","0.00","0.0","0.0","60","29","47",,,,,
"USC00150483","BEATTYVILLE 4 N, KY US","37.6336","-83.7161","329.2","2022-02-17","0.00","0.0","0.0","62","47","62",,,,,
"USC00150483","BEATTYVILLE 4 N, KY US","37.6336","-83.7161","329.2","2022-02-18","1.80","0.0","0.0","63","28","28",,,,,
"USC00150483","BEATTYVILLE 4 N, KY US","37.6336","-83.7161","329.2","2022-02-19","0.00","0.0","0.0","34","23","34",,,,,
"USC00150483","BEATTYVILLE 4 N, KY US","37.6336","-83.7161","329.2","2022-02-20","0.00","0.0","0.0","40","18","32",,,,,
"USC00150483","BEATTYVILLE 4 N, KY US","37.6336","-83.7161","329.2","2022-02-21","0.00","0.0","0.0","58","32","44",,,,,
"USC00150483","BEATTYVILLE 4 N, KY US","37.6336","-83.7161","329.2","2022-02-22","0.68","0.0","0.0","68","44","56",,,,,
"USC00150483","BEATTYVILLE 4 N, KY US","37.6336","-83.7161","329.2","2022-02-23","0.53","0.0","0.0","62","37","37",,,,,
"USC00150483","BEATTYVILLE 4 N, KY US","37.6336","-83.7161","329.2","2022-02-24","0.27","0.0","0.0","37","30","32",,,,,
"USC00150483","BEATTYVILLE 4 N, KY US","37.6336","-83.7161","329.2","2022-02-25","0.71","0.0","0.0","45","31","33","    1",,,,
"USC00150483","BEATTYVILLE 4 N, KY US","37.6336","-83.7161","329.2","2022-02-26","0.00","0.0","0.0","34","28","29",,,,,
"USC00150483","BEATTYVILLE 4 N, KY US","37.6336","-83.7161","329.2","2022-02-27","0.00","0.0","0.0","39","28","35",,,,,
"USC00150483","BEATTYVILLE 4 N, KY US","37.6336","-83.7161","329.2","2022-02-28","0.00","0.0","0.0","53","27","38",,,,,
"USC00150483","BEATTYVILLE 4 N, KY US","37.6336","-83.7161","329.2","2022-03-01","0.00","0.0","0.0","56","34","46",,,,,
"USC00150483","BEATTYVILLE 4 N, KY US","37.6336","-83.7161","329.2","2022-03-02","0.00","0.0","0.0","66","42","51",,,,,
"USC00150483","BEATTYVILLE 4 N, KY US","37.6336","-83.7161","329.2","2022-03-03","0.00","0.0","0.0","69","51","55",,,,,
"USC00150483","BEATTYVILLE 4 N, KY US","37.6336","-83.7161","329.2","2022-03-04","0.00","0.0","0.0","62","32","44",,,,,
"USC00150483","BEATTYVILLE 4 N, KY US","37.6336","-83.7161","329.2","2022-03-05","0.00","0.0","0.0","65","43","59",,,,,
"USC00150483","BEATTYVILLE 4 N, KY US","37.6336","-83.7161","329.2","2022-03-06","0.00","0.0","0.0","78","59","67",,,,,
"USC00150483","BEATTYVILLE 4 N, KY US","37.6336","-83.7161","329.2","2022-03-07","0.66","0.0","0.0","72","54","64",,,,,
"USC00150483","BEATTYVILLE 4 N, KY US","37.6336","-83.7161","329.2","2022-03-08","0.54","0.0","0.0","64","34","36","    1",,,,
"USC00150483","BEATTYVILLE 4 N, KY US","37.6336","-83.7161","329.2","2022-03-09","0.33","0.0","0.0","47","36","38",,,,,
"USC00150483","BEATTYVILLE 4 N, KY US","37.6336","-83.7161","329.2","2022-03-10","0.00","0.0","0.0","46","35","39",,,,,
"USC00150483","BEATTYVILLE 4 N, KY US","37.6336","-83.7161","329.2","2022-03-11","0.00","0.0","0.0","54","32","45",,,,,
"USC00150483","BEATTYVILLE 4 N, KY US","37.6336","-83.7161","329.2","2022-03-12","0.37","2.9","3.0","66","18","19",,,,,
"USC00150483","BEATTYVILLE 4 N, KY US","37.6336","-83.7161","329.2","2022-03-13","0.00","0.0","2.0","25","13","22",,,,,
"USC00150483","BEATTYVILLE 4 N, KY US","37.6336","-83.7161","329.2","2022-03-14","0.00","0.0","0.0","50","22","41",,,,,
"USC00150483","BEATTYVILLE 4 N, KY US","37.6336","-83.7161","329.2","2022-03-15","0.00","0.0","0.0","64","41","48",,,,,
"USC00150483","BEATTYVILLE 4 N, KY US","37.6336","-83.7161","329.2","2022-03-16","0.00","0.0","0.0","67","43","46",,,,,
"USC00150483","BEATTYVILLE 4 N, KY US","37.6336","-83.7161","329.2","2022-03-17","0.01","0.0","0.0","64","46","51",,,,,
"USC00150483","BEATTYVILLE 4 N, KY US","37.6336","-83.7161","329.2","2022-03-18","0.00","0.0","0.0","73","50","52",,,,,
"USC00150483","BEATTYVILLE 4 N, KY US","37.6336","-83.7161","329.2","2022-03-19","0.00","0.0","0.0","69","51","51",,,,,
"USC00150483","BEATTYVILLE 4 N, KY US","37.6336","-83.7161","329.2","2022-03-20","0.09","0.0","0.0","55","39","43",,,,,
"USC00150483","BEATTYVILLE 4 N, KY US","37.6336","-83.7161","329.2","2022-03-21","0.00","0.0","0.0","61","37","46",,,,,
"USC00150483","BEATTYVILLE 4 N, KY US","37.6336","-83.7161","329.2","2022-03-22","0.00","0.0","0.0","71","46","53",,,,,
"USC00150483","BEATTYVILLE 4 N, KY US","37.6336","-83.7161","329.2","2022-03-23","0.08","0.0","0.0","76","53","57",,,,,
"USC00150483","BEATTYVILLE 4 N, KY US","37.6336","-83.7161","329.2","2022-03-24","0.02","0.0","0.0",,"46","48",,,,,
"USC00150483","BEATTYVILLE 4 N, KY US","37.6336","-83.7161","329.2","2022-03-25","0.00","0.0","0.0","58","36","43",,,,,
"USC00150483","BEATTYVILLE 4 N, KY US","37.6336","-83.7161","329.2","2022-03-26","0.06","0.0","0.0","46","33","41",,,,,
"USC00150483","BEATTYVILLE 4 N, KY US","37.6336","-83.7161","329.2","2022-03-27","0.00","0.0","0.0","48","27","29",,,,,
"USC00150483","BEATTYVILLE 4 N, KY US","37.6336","-83.7161","329.2","2022-03-28","0.00","0.0","0.0","43","23","28",,,,,
"USC00150483","BEATTYVILLE 4 N, KY US","37.6336","-83.7161","329.2","2022-03-29","0.00","0.0","0.0","44","28","32",,,,,
"USC00150483","BEATTYVILLE 4 N, KY US","37.6336","-83.7161","329.2","2022-03-30","0.00","0.0","0.0","51","32","51",,,,,
"USC00150483","BEATTYVILLE 4 N, KY US","37.6336","-83.7161","329.2","2022-03-31","0.09","0.0","0.0","81","51","58",,,,,
"USC00150483","BEATTYVILLE 4 N, KY US","37.6336","-83.7161","329.2","2022-04-01","0.07","0.0","0.0","65","35","37",,,,,
"USC00150483","BEATTYVILLE 4 N, KY US","37.6336","-83.7161","329.2","2022-04-02","0.00","0.0","0.0","47","31","37",,,,,
"USC00150483","BEATTYVILLE 4 N, KY US","37.6336","-83.7161","329.2","2022-04-03","0.00","0.0","0.0","60","37","40",,,,,
"USC00150483","BEATTYVILLE 4 N, KY US","37.6336","-83.7161","329.2","2022-04-04","0.00","0.0","0.0","56","38","41",,,,,
"USC00150483","BEATTYVILLE 4 N, KY US","37.6336","-83.7161","329.2","2022-04-05","0.08","0.0","0.0","63","41","50",,,,,
"USC00150483","BEATTYVILLE 4 N, KY US","37.6336","-83.7161","329.2","2022-04-06","0.47","0.0","0.0","58","49","51",,,,,
"USC00150483","BEATTYVILLE 4 N, KY US","37.6336","-83.7161","329.2","2022-04-07","0.42","0.0","0.0","73","45","49",,,,,
"USC00150483","BEATTYVILLE 4 N, KY US","37.6336","-83.7161","329.2","2022-04-08","0.08","0.0","0.0","58","38","40",,,,,
"USC00150483","BEATTYVILLE 4 N, KY US","37.6336","-83.7161","329.2","2022-04-09","0.43","0.0","0.0","44","33","35",,,"    1",,
"USC00150483","BEATTYVILLE 4 N, KY US","37.6336","-83.7161","329.2","2022-04-10","0.05","0.0","0.0","43","28","41",,,,,
"USC00150483","BEATTYVILLE 4 N, KY US","37.6336","-83.7161","329.2","2022-04-11","0.00","0.0","0.0","64","41","61",,,,,
"USC00150483","BEATTYVILLE 4 N, KY US","37.6336","-83.7161","329.2","2022-04-12","0.11","0.0","0.0","69","53","56",,,,,
"USC00150483","BEATTYVILLE 4 N, KY US","37.6336","-83.7161","329.2","2022-04-13","0.02","0.0","0.0","71","56","63",,,,,
"USC00150483","BEATTYVILLE 4 N, KY US","37.6336","-83.7161","329.2","2022-04-14","0.31","0.0","0.0","79","46","46",,,,,
"USC00150483","BEATTYVILLE 4 N, KY US","37.6336","-83.7161","329.2","2022-04-15","0.00","0.0","0.0","62","36","52",,,,,
"USC00150483","BEATTYVILLE 4 N, KY US","37.6336","-83.7161","329.2","2022-04-16","0.03","0.0","0.0","72","51","56",,,,,
"USC00150483","BEATTYVILLE 4 N, KY US","37.6336","-83.7161","329.2","2022-04-17","0.00","0.0","0.0","67","39","44",,,,,
"USC00150483","BEATTYVILLE 4 N, KY US","37.6336","-83.7161","329.2","2022-04-18","0.85","0.0","0.0","58","40","41",,,,,
"USC00150483","BEATTYVILLE 4 N, KY US","37.6336","-83.7161","329.2","2022-04-20",,"0.0","0.0","52","31","46",,,,,
"USC00150483","BEATTYVILLE 4 N, KY US","37.6336","-83.7161","329.2","2022-04-21","0.00","0.0","0.0","72","46","62",,,,,
"USC00150483","BEATTYVILLE 4 N, KY US","37.6336","-83.7161","329.2","2022-04-22","0.00","0.0","0.0","69","56","63",,,,,
"USC00150483","BEATTYVILLE 4 N, KY US","37.6336","-83.7161","329.2","2022-04-23","0.00","0.0","0.0","82","62","70",,,,,
"USC00150483","BEATTYVILLE 4 N, KY US","37.6336","-83.7161","329.2","2022-04-24","0.00","0.0","0.0","86","63","69",,,,,
"USC00150483","BEATTYVILLE 4 N, KY US","37.6336","-83.7161","329.2","2022-04-25","0.00","0.0","0.0","84","64","71",,,,,
"USC00150483","BEATTYVILLE 4 N, KY US","37.6336","-83.7161","329.2","2022-04-26","0.33","0.0","0.0","81","46","46",,,,,
"USC00150483","BEATTYVILLE 4 N, KY US","37.6336","-83.7161","329.2","2022-04-27","0.00","0.0","0.0","61","38","46",,,,,
"USC00150483","BEATTYVILLE 4 N, KY US","37.6336","-83.7161","329.2","2022-04-28","0.00","0.0","0.0","49","44","48",,,,,
"USC00150483","BEATTYVILLE 4 N, KY US","37.6336","-83.7161","329.2","2022-04-29","0.00","0.0","0.0","70","48","56",,,,,
"USC00150483","BEATTYVILLE 4 N, KY US","37.6336","-83.7161","329.2","2022-04-30","0.05","0.0","0.0","74","55","60",,,,,
"USC00150483","BEATTYVILLE 4 N, KY US","37.6336","-83.7161","329.2","2022-05-01","0.40","0.0","0.0","79","58","59",,"    1",,,
"USC00150483","BEATTYVILLE 4 N, KY US","37.6336","-83.7161","329.2","2022-05-02","0.00","0.0","0.0","77","48","63",,,,,
"USC00150483","BEATTYVILLE 4 N, KY US","37.6336","-83.7161","329.2","2022-05-03","0.00","0.0","0.0","77","57","68",,,,,
"USC00150483","BEATTYVILLE 4 N, KY US","37.6336","-83.7161","329.2","2022-05-04","0.21","0.0","0.0","84","56","57",,,,,
"USC00150483","BEATTYVILLE 4 N, KY US","37.6336","-83.7161","329.2","2022-05-05","0.00","0.0","0.0","62","52","59",,,,,
"USC00150483","BEATTYVILLE 4 N, KY US","37.6336","-83.7161","329.2","2022-05-06","0.19","0.0","0.0","77","58","64",,"    1",,,
"USC00150483","BEATTYVILLE 4 N, KY US","37.6336","-83.7161","329.2","2022-05-07","2.11","0.0","0.0","65","52","53",,"    1",,,
"USC00150483","BEATTYVILLE 4 N, KY US","37.6336","-83.7161","329.2","2022-05-08","0.05","0.0","0.0","57","49","51",,,,,
"USC00150483","BEATTYVILLE 4 N, KY US","37.6336","-83.7161","329.2","2022-05-09","0.00","0.0","0.0","67","48","59",,,,,
"USC00150483","BEATTYVILLE 4 N, KY US","37.6336","-83.7161","329.2","2022-05-10","0.00","0.0","0.0","77","54","62",,,,,
"USC00150483","BEATTYVILLE 4 N, KY US","37.6336","-83.7161","329.2","2022-05-11","0.00","0.0","0.0","83","57","70",,,,,
"USC00150483","BEATTYVILLE 4 N, KY US","37.6336","-83.7161","329.2","2022-05-12","0.00","0.0","0.0","84","52","68",,,,,
"USC00150483","BEATTYVILLE 4 N, KY US","37.6336","-83.7161","329.2","2022-05-13","0.00","0.0","0.0","82","59","68",,,,,
"USC00150483","BEATTYVILLE 4 N, KY US","37.6336","-83.7161","329.2","2022-05-14","0.02","0.0","0.0","82","58","64",,,,,
"USC00150483","BEATTYVILLE 4 N, KY US","37.6336","-83.7161","329.2","2022-05-15","0.05","0.0","0.0","78","58","66",,,,,
"USC00150483","BEATTYVILLE 4 N, KY US","37.6336","-83.7161","329.2","2022-05-16","0.14","0.0","0.0","82","59","61",,"    1",,,
"USC00150483","BEATTYVILLE 4 N, KY US","37.6336","-83.7161","329.2","2022-05-17","0.00","0.0","0.0","73","50","62",,,,,
"USC00150483","BEATTYVILLE 4 N, KY US","37.6336","-83.7161","329.2","2022-05-18","0.00","0.0","0.0","79","55","59",,,,,
"USC00150483","BEATTYVILLE 4 N, KY US","37.6336","-83.7161","329.2","2022-05-19","0.63","0.0","0.0","79","59","66",,"    1",,,
"USC00150483","BEATTYVILLE 4 N, KY US","37.6336","-83.7161","329.2","2022-05-20","0.21","0.0","0.0","82","64","71",,,,,
"USC00150483","BEATTYVILLE 4 N, KY US","37.6336","-83.7161","329.2","2022-05-21","0.00","0.0","0.0","87","67","74",,,,,
"USC00150483","BEATTYVILLE 4 N, KY US","37.6336","-83.7161","329.2","2022-05-22","0.00","0.0","0.0","85","64","68",,,,,
"USC00150483","BEATTYVILLE 4 N, KY US","37.6336","-83.7161","329.2","2022-05-23","0.32","0.0","0.0","73","54","54",,,,,
"USC00150483","BEATTYVILLE 4 N, KY US","37.6336","-83.7161","329.2","2022-05-24","0.10","0.0","0.0","57","53","57",,,,,
"USC00150483","BEATTYVILLE 4 N, KY US","37.6336","-83.7161","329.2","2022-05-25","0.02","0.0","0.0","67","57","67",,,,,
"USC00150483","BEATTYVILLE 4 N, KY US","37.6336","-83.7161","329.2","2022-05-26","0.11","0.0","0.0","84","64","65",,,,,
"USC00150483","BEATTYVILLE 4 N, KY US","37.6336","-83.7161","329.2","2022-05-27","1.12","0.0","0.0","74","58","60",,,,,
"USC00150483","BEATTYVILLE 4 N, KY US","37.6336","-83.7161","329.2","2022-05-28","0.52","0.0","0.0","68","58","58",,,,,
"USC00150483","BEATTYVILLE 4 N, KY US","37.6336","-83.7161","329.2","2022-05-29","0.00","0.0","0.0","73","55","64",,,,,
"USC00150483","BEATTYVILLE 4 N, KY US","37.6336","-83.7161","329.2","2022-05-30","0.00","0.0","0.0","81","60","70",,,,,
"USC00150483","BEATTYVILLE 4 N, KY US","37.6336","-83.7161","329.2","2022-05-31","0.00","0.0","0.0","86","64","72",,,,,
"USC00150483","BEATTYVILLE 4 N, KY US","37.6336","-83.7161","329.2","2022-06-01","0.00","0.0","0.0","87","64","74",,,,,
"USC00150483","BEATTYVILLE 4 N, KY US","37.6336","-83.7161","329.2","2022-06-02","0.00","0.0","0.0",,"66","74",,,,,
"USC00150483","BEATTYVILLE 4 N, KY US","37.6336","-83.7161","329.2","2022-06-03","0.00","0.0","0.0","80","58","65",,,,,
"USC00150483","BEATTYVILLE 4 N, KY US","37.6336","-83.7161","329.2","2022-06-04","0.00","0.0","0.0","76","51","67",,,,,
"USC00150483","BEATTYVILLE 4 N, KY US","37.6336","-83.7161","329.2","2022-06-05","0.00","0.0","0.0","79","54","67",,,,,
"USC00150483","BEATTYVILLE 4 N, KY US","37.6336","-83.7161","329.2","2022-06-06","0.00","0.0","0.0","80","61","66",,,,,
"USC00150483","BEATTYVILLE 4 N, KY US","37.6336","-83.7161","329.2","2022-06-07","0.33","0.0","0.0","81","65","68",,,,,
"USC00150483","BEATTYVILLE 4 N, KY US","37.6336","-83.7161","329.2","2022-06-08","0.02","0.0","0.0","81","65","69",,,,,
"USC00150483","BEATTYVILLE 4 N, KY US","37.6336","-83.7161","329.2","2022-06-09","0.09","0.0","0.0","87","58","64",,,,,
"USC00150483","BEATTYVILLE 4 N, KY US","37.6336","-83.7161","329.2","2022-06-10","0.00","0.0","0.0","74","52","64",,,,,
"USC00150483","BEATTYVILLE 4 N, KY US","37.6336","-83.7161","329.2","2022-06-11","0.06","0.0","0.0","73","58","61",,,,,
"USC00150483","BEATTYVILLE 4 N, KY US","37.6336","-83.7161","329.2","2022-06-12","0.00","0.0","0.0","78","61","70",,,,,
"USC00150483","BEATTYVILLE 4 N, KY US","37.6336","-83.7161","329.2","2022-06-13","0.00","0.0","0.0","83","70","77",,,,,
"USC00150483","BEATTYVILLE 4 N, KY US","37.6336","-83.7161","329.2","2022-06-14","0.00","0.0","0.0","91","75","79",,,,,
"USC00150483","BEATTYVILLE 4 N, KY US","37.6336","-83.7161","329.2","2022-06-15","0.00","0.0","0.0","90","72","79",,,,,
"USC00150483","BEATTYVILLE 4 N, KY US","37.6336","-83.7161","329.2","2022-06-16","0.00","0.0","0.0","93","73","80",,,,,
"USC00150483","BEATTYVILLE 4 N, KY US","37.6336","-83.7161","329.2","2022-06-17","0.00","0.0","0.0","92","73","83",,,,,
"USC00150483","BEATTYVILLE 4 N, KY US","37.6336","-83.7161","329.2","2022-06-18","0.05","0.0","0.0","86","48","52",,,,,
"USC00150483","BEATTYVILLE 4 N, KY US","37.6336","-83.7161","329.2","2022-06-19","0.00","0.0","0.0",,,"61",,,,,
"USC00150483","BEATTYVILLE 4 N, KY US","37.6336","-83.7161","329.2","2022-06-20","0.00","0.0","0.0","77","52","64",,,,,
"USC00150483","BEATTYVILLE 4 N, KY US","37.6336","-83.7161","329.2","2022-06-21","0.00","0.0","0.0","83","52","67",,,,,
"USC00150483","BEATTYVILLE 4 N, KY US","37.6336","-83.7161","329.2","2022-06-22","0.00","0.0","0.0","92",,"75",,,,,
"USC00150483","BEATTYVILLE 4 N, KY US","37.6336","-83.7161","329.2","2022-06-23","0.00","0.0","0.0",,,,,,,,
"USC00150483","BEATTYVILLE 4 N, KY US","37.6336","-83.7161","329.2","2022-06-24","0.00","0.0","0.0",,,,,,,,
"USC00150483","BEATTYVILLE 4 N, KY US","37.6336","-83.7161","329.2","2022-06-25","0.00","0.0","0.0",,,,,,,,
"USC00150483","BEATTYVILLE 4 N, KY US","37.6336","-83.7161","329.2","2022-06-26","0.49","0.0","0.0","87",,"75",,"    1",,,
"USC00150483","BEATTYVILLE 4 N, KY US","37.6336","-83.7161","329.2","2022-06-27","1.56","0.0","0.0","83",,,,"    1",,,
"USC00150483","BEATTYVILLE 4 N, KY US","37.6336","-83.7161","329.2","2022-06-28","0.01","0.0","0.0",,,"65",,,,,
"USC00150483","BEATTYVILLE 4 N, KY US","37.6336","-83.7161","329.2","2022-06-29","0.00","0.0","0.0","78","56","68",,,,,
"USC00150483","BEATTYVILLE 4 N, KY US","37.6336","-83.7161","329.2","2022-06-30","0.00","0.0","0.0","85","62","72",,,,,
"USC00150483","BEATTYVILLE 4 N, KY US","37.6336","-83.7161","329.2","2022-07-01","0.20","0.0","0.0","90","68","76",,"    1",,,
"USC00150483","BEATTYVILLE 4 N, KY US","37.6336","-83.7161","329.2","2022-07-02","0.00","0.0","0.0","86","68","74",,,,,
"USC00150483","BEATTYVILLE 4 N, KY US","37.6336","-83.7161","329.2","2022-07-03","1.28","0.0","0.0","86","67","68",,"    1",,,
"USC00150483","BEATTYVILLE 4 N, KY US","37.6336","-83.7161","329.2","2022-07-04","0.00","0.0","0.0","81","66","72",,,,,
"USC00150483","BEATTYVILLE 4 N, KY US","37.6336","-83.7161","329.2","2022-07-05","0.00","0.0","0.0","87","71","80",,,,,
"USC00150483","BEATTYVILLE 4 N, KY US","37.6336","-83.7161","329.2","2022-07-06","0.10","0.0","0.0","86","68","76",,,,,
"USC00150483","BEATTYVILLE 4 N, KY US","37.6336","-83.7161","329.2","2022-07-07","0.76","0.0","0.0",,"67","75",,"    1",,,
"USC00150483","BEATTYVILLE 4 N, KY US","37.6336","-83.7161","329.2","2022-07-08","0.07","0.0","0.0","85","71","72",,"    1",,,
"USC00150483","BEATTYVILLE 4 N, KY US","37.6336","-83.7161","329.2","2022-07-09","0.43","0.0","0.0","85","70","70",,"    1",,,
"USC00150483","BEATTYVILLE 4 N, KY US","37.6336","-83.7161","329.2","2022-07-10","0.34","0.0","0.0","75","67","69",,,,,
"USC00150483","BEATTYVILLE 4 N, KY US","37.6336","-83.7161","329.2","2022-07-11","0.00","0.0","0.0","81","63","67",,,,,
"USC00150483","BEATTYVILLE 4 N, KY US","37.6336","-83.7161","329.2","2022-07-12","0.00","0.0","0.0","85","67","73",,,,,
"USC00150483","BEATTYVILLE 4 N, KY US","37.6336","-83.7161","329.2","2022-07-13","0.71","0.0","0.0","86","67","70",,,,,
"USC00150483","BEATTYVILLE 4 N, KY US","37.6336","-83.7161","329.2","2022-07-14","0.00","0.0","0.0","83","62","73",,,,,
"USC00150483","BEATTYVILLE 4 N, KY US","37.6336","-83.7161","329.2","2022-07-15","0.00","0.0","0.0","83","63","74",,,,,
"USC00150483","BEATTYVILLE 4 N, KY US","37.6336","-83.7161","329.2","2022-07-16","0.00","0.0","0.0","84","68","73",,,,,
"USC00150483","BEATTYVILLE 4 N, KY US","37.6336","-83.7161","329.2","2022-07-17","0.00","0.0","0.0","86","69","78",,,,,
"USC00150483","BEATTYVILLE 4 N, KY US","37.6336","-83.7161","329.2","2022-07-18","0.63","0.0","0.0","82","68","70","    1","    1",,,
"USC00150483","BEATTYVILLE 4 N, KY US","37.6336","-83.7161","329.2","2022-07-19","0.34","0.0","0.0","73","68","71",,"    1",,,
"USC00150483","BEATTYVILLE 4 N, KY US","37.6336","-83.7161","329.2","2022-07-20","0.01","0.0","0.0","84","67","76",,,,,
"USC00150483","BEATTYVILLE 4 N, KY US","37.6336","-83.7161","329.2","2022-07-21","0.00","0.0","0.0","87","71","71",,"    1",,,
"USC00150483","BEATTYVILLE 4 N, KY US","37.6336","-83.7161","329.2","2022-07-22","0.00","0.0","0.0","85","65","77",,,,,
"USC00150483","BEATTYVILLE 4 N, KY US","37.6336","-83.7161","329.2","2022-07-23","0.00","0.0","0.0","87",,"75",,,,,
"USC00150483","BEATTYVILLE 4 N, KY US","37.6336","-83.7161","329.2","2022-07-24","0.00","0.0","0.0",,,"72",,,,,
"USC00150483","BEATTYVILLE 4 N, KY US","37.6336","-83.7161","329.2","2022-07-25","0.00","0.0","0.0","87","72","76",,,,,
"USC00150483","BEATTYVILLE 4 N, KY US","37.6336","-83.7161","329.2","2022-07-26","0.23","0.0","0.0","81","71","71",,,,,
"USC00150483","BEATTYVILLE 4 N, KY US","37.6336","-83.7161","329.2","2022-07-27","1.14","0.0","0.0","78","71","76",,"    1",,,
"USC00150483","BEATTYVILLE 4 N, KY US","37.6336","-83.7161","329.2","2022-07-28","4.24","0.0","0.0","85","69","71",,"    1",,,
"USC00150483","BEATTYVILLE 4 N, KY US","37.6336","-83.7161","329.2","2022-07-29","0.37","0.0","0.0","81","68","69",,,,,
"USC00150483","BEATTYVILLE 4 N, KY US","37.6336","-83.7161","329.2","2022-07-30","0.00","0.0","0.0","81","62","71",,,,,
"USC00150483","BEATTYVILLE 4 N, KY US","37.6336","-83.7161","329.2","2022-07-31","0.01","0.0","0.0","80","67","69",,,,,
"USC00150483","BEATTYVILLE 4 N, KY US","37.6336","-83.7161","329.2","2022-08-01","0.37","0.0","0.0","77","69","73",,,,,
"USC00150483","BEATTYVILLE 4 N, KY US","37.6336","-83.7161","329.2","2022-08-03",,"0.0","0.0","86","67","78",,,,,
"USC00150483","BEATTYVILLE 4 N, KY US","37.6336","-83.7161","329.2","2022-08-04","0.00","0.0","0.0","86",,"75",,,,,
"USC00150483","BEATTYVILLE 4 N, KY US","37.6336","-83.7161","329.2","2022-08-05","0.12","0.0","0.0","79",,"70",,,,,
"USC00150483","BEATTYVILLE 4 N, KY US","37.6336","-83.7161","329.2","2022-08-06","1.34","0.0","0.0","76","68","68",,"    1",,,
"USC00150483","BEATTYVILLE 4 N, KY US","37.6336","-83.7161","329.2","2022-08-07","0.33","0.0","0.0","81","66","72",,"    1",,,
"USC00150483","BEATTYVILLE 4 N, KY US","37.6336","-83.7161","329.2","2022-08-08","1.33","0.0","0.0",,,,,"    1",,,
"USC00150483","BEATTYVILLE 4 N, KY US","37.6336","-83.7161","329.2","2022-08-09","0.00","0.0","0.0",,,,,,,,
"USC00150483","BEATTYVILLE 4 N, KY US","37.6336","-83.7161","329.2","2022-08-10","0.00","0.0","0.0",,,,,,,,
"USC00150483","BEATTYVILLE 4 N, KY US","37.6336","-83.7161","329.2","2022-08-11","0.20","0.0","0.0",,,,,,,,
"USC00150483","BEATTYVILLE 4 N, KY US","37.6336","-83.7161","329.2","2022-08-12","0.00","0.0","0.0",,,,,,,,
"USC00150483","BEATTYVILLE 4 N, KY US","37.6336","-83.7161","329.2","2022-08-13","0.00","0.0","0.0",,,,,,,,
"USC00150483","BEATTYVILLE 4 N, KY US","37.6336","-83.7161","329.2","2022-08-14","0.00","0.0","0.0",,,,,,,,
"USC00150483","BEATTYVILLE 4 N, KY US","37.6336","-83.7161","329.2","2022-08-15","0.00","0.0","0.0",,,,,,,,
"USC00150483","BEATTYVILLE 4 N, KY US","37.6336","-83.7161","329.2","2022-08-16","0.00","0.0","0.0",,,,,,,,
"USC00150483","BEATTYVILLE 4 N, KY US","37.6336","-83.7161","329.2","2022-08-17","0.00","0.0","0.0",,,,,,,,
"USC00150483","BEATTYVILLE 4 N, KY US","37.6336","-83.7161","329.2","2022-08-18","0.00","0.0","0.0","76",,"67",,,,,
"USC00150483","BEATTYVILLE 4 N, KY US","37.6336","-83.7161","329.2","2022-08-19","0.00","0.0","0.0","80","60","70",,,,,
"USC00150483","BEATTYVILLE 4 N, KY US","37.6336","-83.7161","329.2","2022-08-20","0.00","0.0","0.0","85","65","68",,,,,
"USC00150483","BEATTYVILLE 4 N, KY US","37.6336","-83.7161","329.2","2022-08-21","0.00","0.0","0.0","83","68","71",,,,,
"USC00150483","BEATTYVILLE 4 N, KY US","37.6336","-83.7161","329.2","2022-08-22","0.00","0.0","0.0","77","67","69",,,,,
"USC00150483","BEATTYVILLE 4 N, KY US","37.6336","-83.7161","329.2","2022-08-23","0.00","0.0","0.0","81","60","70",,,,,
"USC00150483","BEATTYVILLE 4 N, KY US","37.6336","-83.7161","329.2","2022-08-24","0.00","0.0","0.0","81","60","71",,,,,
"USC00150483","BEATTYVILLE 4 N, KY US","37.6336","-83.7161","329.2","2022-08-25","0.00","0.0","0.0","84","61","72",,,,,
"USC00150483","BEATTYVILLE 4 N, KY US","37.6336","-83.7161","329.2","2022-08-26","0.00","0.0","0.0","85","64","74",,,,,
"USC00150483","BEATTYVILLE 4 N, KY US","37.6336","-83.7161","329.2","2022-08-27","0.18","0.0","0.0","85","63","67",,,,,
"USC00150483","BEATTYVILLE 4 N, KY US","37.6336","-83.7161","329.2","2022-08-28","0.00","0.0","0.0","84","66","72",,,,,
"USC00150483","BEATTYVILLE 4 N, KY US","37.6336","-83.7161","329.2","2022-08-29","0.00","0.0","0.0","88","68","75",,,,,
"USC00150483","BEATTYVILLE 4 N, KY US","37.6336","-83.7161","329.2","2022-08-30","0.21","0.0","0.0","88","67","69",,"    1",,,
"USC00150483","BEATTYVILLE 4 N, KY US","37.6336","-83.7161","329.2","2022-08-31","0.03","0.0","0.0","81","58","66",,,,,
"USC00150483","BEATTYVILLE 4 N, KY US","37.6336","-83.7161","329.2","2022-09-01","0.00","0.0","0.0","81","57","68",,,,,
"USC00150483","BEATTYVILLE 4 N, KY US","37.6336","-83.7161","329.2","2022-09-02","0.00","0.0","0.0","82","61","70",,,,,
"USC00150483","BEATTYVILLE 4 N, KY US","37.6336","-83.7161","329.2","2022-09-03","0.07","0.0","0.0","85","69","70",,,,,
"USC00150483","BEATTYVILLE 4 N, KY US","37.6336","-83.7161","329.2","2022-09-04","0.00","0.0","0.0","82","68","69",,,,,
"USC00150483","BEATTYVILLE 4 N, KY US","37.6336","-83.7161","329.2","2022-09-05","0.46","0.0","0.0","79","68","69",,,,,
"USC00150483","BEATTYVILLE 4 N, KY US","37.6336","-83.7161","329.2","2022-09-06","0.16","0.0","0.0","80","66","69",,,,,
"USC00150483","BEATTYVILLE 4 N, KY US","37.6336","-83.7161","329.2","2022-09-07","0.04","0.0","0.0","78","65","66",,,,,
"USC00150483","BEATTYVILLE 4 N, KY US","37.6336","-83.7161","329.2","2022-09-08","0.00","0.0","0.0","74","57","64",,,,,
"USC00150483","BEATTYVILLE 4 N, KY US","37.6336","-83.7161","329.2","2022-09-09","0.00","0.0","0.0","78","61","65",,,,,
"USC00150483","BEATTYVILLE 4 N, KY US","37.6336","-83.7161","329.2","2022-09-10","0.00","0.0","0.0","84","64","67",,,,,
"USC00150483","BEATTYVILLE 4 N, KY US","37.6336","-83.7161","329.2","2022-09-11","0.00","0.0","0.0","75","65","68",,,,,
"USC00150483","BEATTYVILLE 4 N, KY US","37.6336","-83.7161","329.2","2022-09-12","0.55","0.0","0.0","78","61","62",,,,,
"USC00150483","BEATTYVILLE 4 N, KY US","37.6336","-83.7161","329.2","2022-09-13","0.00","0.0","0.0","71","51","59",,,,,
"USC00150483","BEATTYVILLE 4 N, KY US","37.6336","-83.7161","329.2","2022-09-14","0.00","0.0","0.0","71","53","60",,,,,
"USC00150483","BEATTYVILLE 4 N, KY US","37.6336","-83.7161","329.2","2022-09-15","0.00","0.0","0.0","74","54","61",,,,,
"USC00150483","BEATTYVILLE 4 N, KY US","37.6336","-83.7161","329.2","2022-09-16","0.00","0.0","0.0","78","55","60",,,,,
"USC00150483","BEATTYVILLE 4 N, KY US","37.6336","-83.7161","329.2","2022-09-17","0.00","0.0","0.0","81","58","62",,,,,
"USC00150483","BEATTYVILLE 4 N, KY US","37.6336","-83.7161","329.2","2022-09-18","0.00","0.0","0.0","82","57","66",,,,,
"USC00150483","BEATTYVILLE 4 N, KY US","37.6336","-83.7161","329.2","2022-09-19","0.00","0.0","0.0","81","59","62",,,,,
"USC00150483","BEATTYVILLE 4 N, KY US","37.6336","-83.7161","329.2","2022-09-20","0.00","0.0","0.0","84","62","70",,,,,
"USC00150483","BEATTYVILLE 4 N, KY US","37.6336","-83.7161","329.2","2022-09-21","0.00","0.0","0.0","85","61","68",,,,,
"USC00150483","BEATTYVILLE 4 N, KY US","37.6336","-83.7161","329.2","2022-09-22","0.31","0.0","0.0","89","67","67",,,,,
"USC00150483","BEATTYVILLE 4 N, KY US","37.6336","-83.7161","329.2","2022-09-23","0.00","0.0","0.0","70","45","54",,,,,
"USC00150483","BEATTYVILLE 4 N, KY US","37.6336","-83.7161","329.2","2022-09-24","0.04","0.0","0.0","67","52","54",,,,,
"USC00150483","BEATTYVILLE 4 N, KY US","37.6336","-83.7161","329.2","2022-09-25","0.03","0.0","0.0","73","54","63",,,,,
"USC00150483","BEATTYVILLE 4 N, KY US","37.6336","-83.7161","329.2","2022-09-26","0.07","0.0","0.0","75","51","60",,,,,
"USC00150483","BEATTYVILLE 4 N, KY US","37.6336","-83.7161","329.2","2022-09-27","0.00","0.0","0.0","70","41","52",,,,,
"USC00150483","BEATTYVILLE 4 N, KY US","37.6336","-83.7161","329.2","2022-09-28","0.00","0.0","0.0","66","39","49",,,,,
"USC00150483","BEATTYVILLE 4 N, KY US","37.6336","-83.7161","329.2","2022-09-29","0.00","0.0","0.0","57","45","48",,,,,
"USC00150483","BEATTYVILLE 4 N, KY US","37.6336","-83.7161","329.2","2022-09-30","0.00","0.0","0.0","63","44","46",,,,,
"USC00150483","BEATTYVILLE 4 N, KY US","37.6336","-83.7161","329.2","2022-10-01","0.00","0.0","0.0","65","46","51",,,,,
"USC00150483","BEATTYVILLE 4 N, KY US","37.6336","-83.7161","329.2","2022-10-02","0.00","0.0","0.0","56","51","54",,,,,
"USC00150483","BEATTYVILLE 4 N, KY US","37.6336","-83.7161","329.2","2022-10-03","0.00","0.0","0.0","60","50","53",,,,,
"USC00150483","BEATTYVILLE 4 N, KY US","37.6336","-83.7161","329.2","2022-10-04","0.00","0.0","0.0","64","38","51",,,,,
"USC00150483","BEATTYVILLE 4 N, KY US","37.6336","-83.7161","329.2","2022-10-05","0.00","0.0","0.0","67","38","50",,,,,
"USC00150483","BEATTYVILLE 4 N, KY US","37.6336","-83.7161","329.2","2022-10-06","0.00","0.0","0.0","72","42","49",,,,,
"USC00150483","BEATTYVILLE 4 N, KY US","37.6336","-83.7161","329.2","2022-10-07","0.00","0.0","0.0","75","47","57",,,,,
"USC00150483","BEATTYVILLE 4 N, KY US","37.6336","-83.7161","329.2","2022-10-08","0.00","0.0","0.0","67","35","42",,,,,
"USC00150483","BEATTYVILLE 4 N, KY US","37.6336","-83.7161","329.2","2022-10-09","0.00","0.0","0.0","59","30","35",,,,,
"USC00150483","BEATTYVILLE 4 N, KY US","37.6336","-83.7161","329.2","2022-10-10","0.00","0.0","0.0","63","34","41",,,,,
"USC00150483","BEATTYVILLE 4 N, KY US","37.6336","-83.7161","329.2","2022-10-11","0.00","0.0","0.0","70","40","47",,,,,
"USC00150483","BEATTYVILLE 4 N, KY US","37.6336","-83.7161","329.2","2022-10-12","0.00","0.0","0.0","72","47","54",,,,,
"USC00150483","BEATTYVILLE 4 N, KY US","37.6336","-83.7161","329.2","2022-10-13","0.26","0.0","0.0","75","54","59",,,,,
"USC00150483","BEATTYVILLE 4 N, KY US","37.6336","-83.7161","329.2","2022-10-14","0.00","0.0","0.0","63","33","50",,,,,
"USC00150483","BEATTYVILLE 4 N, KY US","37.6336","-83.7161","329.2","2022-10-15","0.00","0.0","0.0","66","48","61",,,,,
"USC00150483","BEATTYVILLE 4 N, KY US","37.6336","-83.7161","329.2","2022-10-16","0.00","0.0","0.0","72","46","50",,,,,
"USC00150483","BEATTYVILLE 4 N, KY US","37.6336","-83.7161","329.2","2022-10-17","0.05","0.0","0.0","61","43","47",,,,,
"USC00150483","BEATTYVILLE 4 N, KY US","37.6336","-83.7161","329.2","2022-10-18","0.00","0.0","0.0","56","31","35",,,,,
"USC00150483","BEATTYVILLE 4 N, KY US","37.6336","-83.7161","329.2","2022-10-19","0.00","0.0","0.0",,"31","40",,,,,
"USC00150483","BEATTYVILLE 4 N, KY US","37.6336","-83.7161","329.2","2022-10-20","0.00","0.0","0.0","54","30","38",,,,,
"USC00150483","BEATTYVILLE 4 N, KY US","37.6336","-83.7161","329.2","2022-10-21","0.00","0.0","0.0","57","33","42",,,,,
"USC00150483","BEATTYVILLE 4 N, KY US","37.6336","-83.7161","329.2","2022-10-22","0.00","0.0","0.0","69","42","45",,,,,
"USC00150483","BEATTYVILLE 4 N, KY US","37.6336","-83.7161","329.2","2022-10-23","0.00","0.0","0.0","75","45","57",,,,,
"USC00150483","BEATTYVILLE 4 N, KY US","37.6336","-83.7161","329.2","2022-10-24","0.00","0.0","0.0","75","43","48",,,,,
"USC00150483","BEATTYVILLE 4 N, KY US","37.6336","-83.7161","329.2","2022-10-25","0.00","0.0","0.0","75","48","56",,,,,
"USC00150483","BEATTYVILLE 4 N, KY US","37.6336","-83.7161","329.2","2022-10-26","0.26","0.0","0.0","78","40","49",,,,,
"USC00150483","BEATTYVILLE 4 N, KY US","37.6336","-83.7161","329.2","2022-10-27","0.00","0.0","0.0","49","38","47",,,,,
"USC00150483","BEATTYVILLE 4 N, KY US","37.6336","-83.7161","329.2","2022-10-28","0.00","0.0","0.0","61","42","51",,,,,
"USC00150483","BEATTYVILLE 4 N, KY US","37.6336","-83.7161","329.2","2022-10-29","0.00","0.0","0.0","71","44","49",,,,,
"USC00150483","BEATTYVILLE 4 N, KY US","37.6336","-83.7161","329.2","2022-10-30","0.00","0.0","0.0","72","49","54",,,,,
"USC00150483","BEATTYVILLE 4 N, KY US","37.6336","-83.7161","329.2","2022-10-31","0.76","0.0","0.0","67","54","58",,,,,
"USC00150483","BEATTYVILLE 4 N, KY US","37.6336","-83.7161","329.2","2022-11-01","0.01","0.0","0.0","66","55","57",,,,,
"USC00150483","BEATTYVILLE 4 N, KY US","37.6336","-83.7161","329.2","2022-11-02","0.00","0.0","0.0","63","48","52",,,,,
"USC00150483","BEATTYVILLE 4 N, KY US","37.6336","-83.7161","329.2","2022-11-03","0.00","0.0","0.0","65","44","45",,,,,
"USC00150483","BEATTYVILLE 4 N, KY US","37.6336","-83.7161","329.2","2022-11-04","0.00","0.0","0.0","75","45","51",,,,,
"USC00150483","BEATTYVILLE 4 N, KY US","37.6336","-83.7161","329.2","2022-11-05","0.00","0.0","0.0","76","51","60",,,,,
"USC00150483","BEATTYVILLE 4 N, KY US","37.6336","-83.7161","329.2","2022-11-06","0.02","0.0","0.0","77","60","64",,,,,
"USC00150483","BEATTYVILLE 4 N, KY US","37.6336","-83.7161","329.2","2022-11-07","0.00","0.0","0.0","74","62","66",,,,,
"USC00150483","BEATTYVILLE 4 N, KY US","37.6336","-83.7161","329.2","2022-11-08","0.00","0.0","0.0","76","47","51",,,,,
"USC00150483","BEATTYVILLE 4 N, KY US","37.6336","-83.7161","329.2","2022-11-09","0.00","0.0","0.0","68","46","54",,,,,
"USC00150483","BEATTYVILLE 4 N, KY US","37.6336","-83.7161","329.2","2022-11-10","0.00","0.0","0.0","75","47","55",,,,,
"USC00150483","BEATTYVILLE 4 N, KY US","37.6336","-83.7161","329.2","2022-11-11","0.40","0.0","0.0","71","55","59",,,,,
"USC00150483","BEATTYVILLE 4 N, KY US","37.6336","-83.7161","329.2","2022-11-12","1.83","0.0","0.0","60","41","41",,,,,
"USC00150483","BEATTYVILLE 4 N, KY US","37.6336","-83.7161","329.2","2022-11-13","0.18","0.0","0.0","41","30","30",,,"    1","    1",
"USC00150483","BEATTYVILLE 4 N, KY US","37.6336","-83.7161","329.2","2022-11-14","0.00","0.0","0.0","33","28","33",,,,,
"USC00150483","BEATTYVILLE 4 N, KY US","37.6336","-83.7161","329.2","2022-11-15","0.17","0.0","0.0","46","33","35",,,,,
"USC00150483","BEATTYVILLE 4 N, KY US","37.6336","-83.7161","329.2","2022-11-16","0.30","0.0","0.0","42","35","35",,,,,
"USC00150483","BEATTYVILLE 4 N, KY US","37.6336","-83.7161","329.2","2022-11-17","0.00","0.0","0.0","38","24","29",,,,,
"USC00150483","BEATTYVILLE 4 N, KY US","37.6336","-83.7161","329.2","2022-11-18","0.00","0.0","0.0","36","21","31",,,,,
"USC00150483","BEATTYVILLE 4 N, KY US","37.6336","-83.7161","329.2","2022-11-19","0.00","0.0","0.0","34","17","23",,,,,
"USC00150483","BEATTYVILLE 4 N, KY US","37.6336","-83.7161","329.2","2022-11-20","0.00","0.0","0.0","40","21","27",,,,,
"USC00150483","BEATTYVILLE 4 N, KY US","37.6336","-83.7161","329.2","2022-11-21","0.00","0.0","0.0","35","17","27",,,,,
"USC00150483","BEATTYVILLE 4 N, KY US","37.6336","-83.7161","329.2","2022-11-22","0.00","0.0","0.0","50","24","35",,,,,
"USC00150483","BEATTYVILLE 4 N, KY US","37.6336","-83.7161","329.2","2022-11-23","0.00","0.0","0.0","57","29","36",,,,,
"USC00150483","BEATTYVILLE 4 N, KY US","37.6336","-83.7161","329.2","2022-11-24","0.00","0.0","0.0",,,,,,,,
"USC00150483","BEATTYVILLE 4 N, KY US","37.6336","-83.7161","329.2","2022-11-25","0.07","0.0","0.0",,,,,,,,
"USC00150483","BEATTYVILLE 4 N, KY US","37.6336","-83.7161","329.2","2022-11-26","0.02","0.0","0.0",,,,,,,,
"USC00150483","BEATTYVILLE 4 N, KY US","37.6336","-83.7161","329.2","2022-11-27","0.29","0.0","0.0",,,,,,,,
"USC00150483","BEATTYVILLE 4 N, KY US","37.6336","-83.7161","329.2","2022-11-28","0.06","0.0","0.0",,,,,,,,
"USC00150483","BEATTYVILLE 4 N, KY US","37.6336","-83.7161","329.2","2022-11-29","0.01","0.0","0.0",,,,,,,,
"USC00150483","BEATTYVILLE 4 N, KY US","37.6336","-83.7161","329.2","2022-11-30","0.92","0.0","0.0",,,,,,,,
"USC00150483","BEATTYVILLE 4 N, KY US","37.6336","-83.7161","329.2","2022-12-01","0.02","0.0","0.0",,,,,,,,
"USC00150483","BEATTYVILLE 4 N, KY US","37.6336","-83.7161","329.2","2022-12-02","0.00","0.0","0.0",,,,,,,,
"USC00150483","BEATTYVILLE 4 N, KY US","37.6336","-83.7161","329.2","2022-12-03","0.25","0.0","0.0",,,,,,,,
"USC00150483","BEATTYVILLE 4 N, KY US","37.6336","-83.7161","329.2","2022-12-04","0.03","0.0","0.0",,,,,,,,
"USC00150483","BEATTYVILLE 4 N, KY US","37.6336","-83.7161","329.2","2022-12-05","0.00","0.0","0.0",,,,,,,,
"USC00150483","BEATTYVILLE 4 N, KY US","37.6336","-83.7161","329.2","2022-12-06","0.27","0.0","0.0",,,,,,,,
"USC00150483","BEATTYVILLE 4 N, KY US","37.6336","-83.7161","329.2","2022-12-07","1.68","0.0","0.0",,,,,,,,
"USC00150483","BEATTYVILLE 4 N, KY US","37.6336","-83.7161","329.2","2022-12-08","0.17","0.0","0.0",,,,,,,,
"USC00150483","BEATTYVILLE 4 N, KY US","37.6336","-83.7161","329.2","2022-12-09","0.44","0.0","0.0",,,,,,,,
"USC00150483","BEATTYVILLE 4 N, KY US","37.6336","-83.7161","329.2","2022-12-10","0.03","0.0","0.0",,,,,,,,
"USC00150483","BEATTYVILLE 4 N, KY US","37.6336","-83.7161","329.2","2022-12-11","0.02","0.0","0.0",,,,,,,,
"USC00150483","BEATTYVILLE 4 N, KY US","37.6336","-83.7161","329.2","2022-12-12","0.00","0.0","0.0",,,,,,,,
"USC00150483","BEATTYVILLE 4 N, KY US","37.6336","-83.7161","329.2","2022-12-13","0.27","0.0","0.0",,,,,,,,
"USC00150483","BEATTYVILLE 4 N, KY US","37.6336","-83.7161","329.2","2022-12-14","0.75","0.0","0.0",,,"44",,,,,
"USC00150483","BEATTYVILLE 4 N, KY US","37.6336","-83.7161","329.2","2022-12-15","0.54","0.0","0.0","53","44","47",,,,,
"USC00150483","BEATTYVILLE 4 N, KY US","37.6336","-83.7161","329.2","2022-12-16","0.01","0.0","0.0","52","32","38",,,,,
"USC00150483","BEATTYVILLE 4 N, KY US","37.6336","-83.7161","329.2","2022-12-17","0.00","0.0","0.0","44","28","33",,,,,
"USC00150483","BEATTYVILLE 4 N, KY US","37.6336","-83.7161","329.2","2022-12-18","0.00","0.0","0.0","42","26","27",,,,,
"USC00150483","BEATTYVILLE 4 N, KY US","37.6336","-83.7161","329.2","2022-12-19","0.00","0.0","0.0","34","19","27",,,,,
"USC00150483","BEATTYVILLE 4 N, KY US","37.6336","-83.7161","329.2","2022-12-20","0.00","0.0","0.0","37","27","33",,,,,
"USC00150483","BEATTYVILLE 4 N, KY US","37.6336","-83.7161","329.2","2022-12-21","0.00","0.0","0.0","44","27","32",,,,,
"USC00150483","BEATTYVILLE 4 N, KY US","37.6336","-83.7161","329.2","2022-12-22","0.00","0.0","0.0","48","32","41",,,,,
"USC00150483","BEATTYVILLE 4 N, KY US","37.6336","-83.7161","329.2","2022-12-23","0.11","0.5","1.0","50","-6","-5",,,,,
"USC00150483","BEATTYVILLE 4 N, KY US","37.6336","-83.7161","329.2","2022-12-24","0.00","0.0","1.0","5","-5","5",,,,,
"USC00150483","BEATTYVILLE 4 N, KY US","37.6336","-83.7161","329.2","2022-12-25","0.00","0.0","1.0","12","4","12",,,,,
"USC00150483","BEATTYVILLE 4 N, KY US","37.6336","-83.7161","329.2","2022-12-26","0.00","0.0","1.0","23","10","17",,,,,
"USC00150483","BEATTYVILLE 4 N, KY US","37.6336","-83.7161","329.2","2022-12-27","0.00","0.0","1.0","29","17","28",,,,,
"USC00150483","BEATTYVILLE 4 N, KY US","37.6336","-83.7161","329.2","2022-12-28","0.00","0.0","0.0","36","25","33",,,,,
"USC00150483","BEATTYVILLE 4 N, KY US","37.6336","-83.7161","329.2","2022-12-29","0.00","0.0","0.0","52","33","46",,,,,
"USC00150483","BEATTYVILLE 4 N, KY US","37.6336","-83.7161","329.2","2022-12-30","0.00","0.0","0.0","65","46","50",,,,,
"USC00150483","BEATTYVILLE 4 N, KY US","37.6336","-83.7161","329.2","2022-12-31","0.00","0.0","0.0","67","50","55",,,,,
"USC00150483","BEATTYVILLE 4 N, KY US","37.6336","-83.7161","329.2","2023-01-01","0.02","0.0","0.0","58","43","45",,,,,
"USC00150483","BEATTYVILLE 4 N, KY US","37.6336","-83.7161","329.2","2023-01-02","0.00","0.0","0.0","58","44","49",,,,,
"USC00150483","BEATTYVILLE 4 N, KY US","37.6336","-83.7161","329.2","2023-01-03","0.00","0.0","0.0","66","49","66",,,,,
"USC00150483","BEATTYVILLE 4 N, KY US","37.6336","-83.7161","329.2","2023-01-04","0.32","0.0","0.0","66","54","58",,,,,
"USC00150483","BEATTYVILLE 4 N, KY US","37.6336","-83.7161","329.2","2023-01-05","0.05","0.0","0.0","64","33","41",,,,,
"USC00150483","BEATTYVILLE 4 N, KY US","37.6336","-83.7161","329.2","2023-01-06","0.00","0.0","0.0","52","29","37",,,,,
"USC00150483","BEATTYVILLE 4 N, KY US","37.6336","-83.7161","329.2","2023-01-07","0.00","0.0","0.0","52","29","35",,,,,
"USC00150483","BEATTYVILLE 4 N, KY US","37.6336","-83.7161","329.2","2023-01-08","0.00","0.0","0.0","51","35","37",,,,,
"USC00150483","BEATTYVILLE 4 N, KY US","37.6336","-83.7161","329.2","2023-01-09","0.00","0.0","0.0","46","34","34",,,,,
"USC00150483","BEATTYVILLE 4 N, KY US","37.6336","-83.7161","329.2","2023-01-10","0.00","0.0","0.0","40","26","35",,,,,
"USC00150483","BEATTYVILLE 4 N, KY US","37.6336","-83.7161","329.2","2023-01-11","0.00","0.0","0.0","52","35","42",,,,,
"USC00150483","BEATTYVILLE 4 N, KY US","37.6336","-83.7161","329.2","2023-01-12","0.05","0.0","0.0","62","42","62",,,,,
"USC00150483","BEATTYVILLE 4 N, KY US","37.6336","-83.7161","329.2","2023-01-13","1.39","0.0","0.0","63","32","33",,,,,
"USC00150483","BEATTYVILLE 4 N, KY US","37.6336","-83.7161","329.2","2023-01-14","0.03","0.1","0.0",,"27","29",,,,,
"USC00150483","BEATTYVILLE 4 N, KY US","37.6336","-83.7161","329.2","2023-01-15","0.00","0.0","0.0","34","19","28",,,,,
"USC00150483","BEATTYVILLE 4 N, KY US","37.6336","-83.7161","329.2","2023-01-16","0.00","0.0","0.0","41","25","31",,,,,
"USC00150483","BEATTYVILLE 4 N, KY US","37.6336","-83.7161","329.2","2023-01-17","0.35","0.0","0.0","49","31","49",,,,,
"USC00150483","BEATTYVILLE 4 N, KY US","37.6336","-83.7161","329.2","2023-01-18","0.02","0.0","0.0","59","40","42",,,,,
"USC00150483","BEATTYVILLE 4 N, KY US","37.6336","-83.7161","329.2","2023-01-19","0.41","0.0","0.0","64","42","55",,,,,
"USC00150483","BEATTYVILLE 4 N, KY US","37.6336","-83.7161","329.2","2023-01-20","0.01","0.0","0.0","64","37","37",,,,,
"USC00150483","BEATTYVILLE 4 N, KY US","37.6336","-83.7161","329.2","2023-01-21","0.00","0.0","0.0","37","31","32",,,,,
"USC00150483","BEATTYVILLE 4 N, KY US","37.6336","-83.7161","329.2","2023-01-22","0.03","0.0","0.0","43","32","35",,,,,
"USC00150483","BEATTYVILLE 4 N, KY US","37.6336","-83.7161","329.2","2023-01-23","0.27","0.1","0.0","41","31","32",,,,,
"USC00150483","BEATTYVILLE 4 N, KY US","37.6336","-83.7161","329.2","2023-01-24","0.00","0.0","0.0","36","24","32",,,,,
"USC00150483","BEATTYVILLE 4 N, KY US","37.6336","-83.7161","329.2","2023-01-25","0.52","0.0","0.0","47","32","44",,,,,
"USC00150483","BEATTYVILLE 4 N, KY US","37.6336","-83.7161","329.2","2023-01-26","0.02","0.0","0.0","57","32","34",,,,,
"USC00150483","BEATTYVILLE 4 N, KY US","37.6336","-83.7161","329.2","2023-01-27","0.02","0.0","0.0","35","26","31",,,,,
"USC00150483","BEATTYVILLE 4 N, KY US","37.6336","-83.7161","329.2","2023-01-28","0.00","0.0","0.0","47","31","46",,,,,
"USC00150483","BEATTYVILLE 4 N, KY US","37.6336","-83.7161","329.2","2023-01-29","0.58","0.0","0.0","56","39","40",,,,,
"USC00150483","BEATTYVILLE 4 N, KY US","37.6336","-83.7161","329.2","2023-01-30","0.11","0.0","0.0","44","40","44",,,,,
"USC00150483","BEATTYVILLE 4 N, KY US","37.6336","-83.7161","329.2","2023-01-31","0.31","0.1","0.0","54","30","30",,,,,
"USC00150483","BEATTYVILLE 4 N, KY US","37.6336","-83.7161","329.2","2023-02-01","0.15","0.2","0.0","54","23","25",,,"    1",,
"USC00150483","BEATTYVILLE 4 N, KY US","37.6336","-83.7161","329.2","2023-02-02","0.00","0.0","0.0","32","25","30",,,,,
"USC00150483","BEATTYVILLE 4 N, KY US","37.6336","-83.7161","329.2","2023-02-03","0.00","0.0","0.0","36","24","25",,,,,
"USC00150483","BEATTYVILLE 4 N, KY US","37.6336","-83.7161","329.2","2023-02-04","0.00","0.0","0.0","30","15","22",,,,,
"USC00150483","BEATTYVILLE 4 N, KY US","37.6336","-83.7161","329.2","2023-02-05","0.00","0.0","0.0","48","22","44",,,,,
"USC00150483","BEATTYVILLE 4 N, KY US","37.6336","-83.7161","329.2","2023-02-06","0.00","0.0","0.0","58","34","42",,,,,
"USC00150483","BEATTYVILLE 4 N, KY US","37.6336","-83.7161","329.2","2023-02-07","0.00","0.0","0.0","55","37","48",,,,,
"USC00150483","BEATTYVILLE 4 N, KY US","37.6336","-83.7161","329.2","2023-02-08","0.00","0.0","0.0","66","48","50",,,,,
"USC00150483","BEATTYVILLE 4 N, KY US","37.6336","-83.7161","329.2","2023-02-09","0.00","0.0","0.0","67","42","67",,,,,
"USC00150483","BEATTYVILLE 4 N, KY US","37.6336","-83.7161","329.2","2023-02-10","0.00","0.0","0.0","71","41","42",,,,,
"USC00150483","BEATTYVILLE 4 N, KY US","37.6336","-83.7161","329.2","2023-02-11","0.00","0.0","0.0","51","29","33",,,,,
"USC00150483","BEATTYVILLE 4 N, KY US","37.6336","-83.7161","329.2","2023-02-12","0.00","0.0","0.0","45","33","39",,,,,
"USC00150483","BEATTYVILLE 4 N, KY US","37.6336","-83.7161","329.2","2023-02-13","0.00","0.0","0.0","53","27","33",,,,,
"USC00150483","BEATTYVILLE 4 N, KY US","37.6336","-83.7161","329.2","2023-02-14","0.00","0.0","0.0","62","33","45",,,,,
"USC00150483","BEATTYVILLE 4 N, KY US","37.6336","-83.7161","329.2","2023-02-15","0.00","0.0","0.0","62","33","61",,,,,
"USC00150483","BEATTYVILLE 4 N, KY US","37.6336","-83.7161","329.2","2023-02-16","1.43","0.0","0.0","72","54","57",,"    1",,,
"USC00150483","BEATTYVILLE 4 N, KY US","37.6336","-83.7161","329.2","2023-02-17","3.33","0.0","0.0","58","32","33",,"    1",,,
"USC00150483","BEATTYVILLE 4 N, KY US","37.6336","-83.7161","329.2","2023-02-18","0.01","0.0","0.0","34","22","31",,,,,
"USC00150483","BEATTYVILLE 4 N, KY US","37.6336","-83.7161","329.2","2023-02-19","0.00","0.0","0.0","50","31","50",,,,,
"USC00150483","BEATTYVILLE 4 N, KY US","37.6336","-83.7161","329.2","2023-02-20","0.05","0.0","0.0","59","44","45",,,,,
"USC00150483","BEATTYVILLE 4 N, KY US","37.6336","-83.7161","329.2","2023-02-21","0.03","0.0","0.0","53","42","51",,,,,
"USC00150483","BEATTYVILLE 4 N, KY US","37.6336","-83.7161","329.2","2023-02-22","0.00","0.0","0.0","60","46","60",,,,,
"USC00150483","BEATTYVILLE 4 N, KY US","37.6336","-83.7161","329.2","2023-02-23","0.65","0.0","0.0","77","55","59",,,,,
"USC00150483","BEATTYVILLE 4 N, KY US","37.6336","-83.7161","329.2","2023-02-24","0.00","0.0","0.0","78","38","43",,,,,
"USC00150483","BEATTYVILLE 4 N, KY US","37.6336","-83.7161","329.2","2023-02-25","0.11","0.0","0.0","50","34","37",,,,,
"USC00150483","BEATTYVILLE 4 N, KY US","37.6336","-83.7161","329.2","2023-02-26","0.02","0.0","0.0","41","37","41",,,,,
"USC00150483","BEATTYVILLE 4 N, KY US","37.6336","-83.7161","329.2","2023-02-27","0.00","0.0","0.0","57","41","56",,,,,
"USC00150483","BEATTYVILLE 4 N, KY US","37.6336","-83.7161","329.2","2023-02-28","0.09","0.0","0.0","69","49","51",,,,,
"USC00150483","BEATTYVILLE 4 N, KY US","37.6336","-83.7161","329.2","2023-03-01","0.00","0.0","0.0","65","41","56",,,,,
"USC00150483","BEATTYVILLE 4 N, KY US","37.6336","-83.7161","329.2","2023-03-02","0.45","0.0","0.0","78","51","52",,,,,
"USC00150483","BEATTYVILLE 4 N, KY US","37.6336","-83.7161","329.2","2023-03-03","0.70","0.0","0.0","59","44","48",,,,,
"USC00150483","BEATTYVILLE 4 N, KY US","37.6336","-83.7161","329.2","2023-03-04","0.32","0.0","0.0","69","40","43",,"    1",,,"    1"
"USC00150483","BEATTYVILLE 4 N, KY US","37.6336","-83.7161","329.2","2023-03-05","0.01","0.0","0.0","57",,"51",,,,,
"USC00150483","BEATTYVILLE 4 N, KY US","37.6336","-83.7161","329.2","2023-03-06","0.00","0.0","0.0","63","42","48",,,,,
"USC00150483","BEATTYVILLE 4 N, KY US","37.6336","-83.7161","329.2","2023-03-07","0.00","0.0","0.0","74",,"47",,,,,
"USC00150483","BEATTYVILLE 4 N, KY US","37.6336","-83.7161","329.2","2023-03-08","0.00","0.0","0.0",,,"33",,,,,
"USC00150483","BEATTYVILLE 4 N, KY US","37.6336","-83.7161","329.2","2023-03-09","0.00","0.0","0.0","45","32","44",,,,,
"USC00150483","BEATTYVILLE 4 N, KY US","37.6336","-83.7161","329.2","2023-03-10","0.19","0.0","0.0","62","42","42",,,,,
"USC00150483","BEATTYVILLE 4 N, KY US","37.6336","-83.7161","329.2","2023-03-11","0.00","0.0","0.0","43","34","37",,,,,
"USC00150483","BEATTYVILLE 4 N, KY US","37.6336","-83.7161","329.2","2023-03-12","0.14","0.0","0.0","49","32","33",,,,,
"USC00150483","BEATTYVILLE 4 N, KY US","37.6336","-83.7161","329.2","2023-03-13","0.04","0.0","0.0","37","33","36",,,,,
"USC00150483","BEATTYVILLE 4 N, KY US","37.6336","-83.7161","329.2","2023-03-14","0.01","0.0","0.0","37","27","29",,,,,
"USC00150483","BEATTYVILLE 4 N, KY US","37.6336","-83.7161","329.2","2023-03-15","0.00","0.0","0.0","34","20","31",,,,,
"USC00150483","BEATTYVILLE 4 N, KY US","37.6336","-83.7161","329.2","2023-03-16","0.00","0.0","0.0","50","27","36",,,,,
"USC00150483","BEATTYVILLE 4 N, KY US","37.6336","-83.7161","329.2","2023-03-17","0.17","0.0","0.0","65","36","51",,,,,
"USC00150483","BEATTYVILLE 4 N, KY US","37.6336","-83.7161","329.2","2023-03-18","0.20","0.0","0.0","51","25","33",,,,,
"USC00150483","BEATTYVILLE 4 N, KY US","37.6336","-83.7161","329.2","2023-03-19","0.00","0.0","0.0","43","19","21",,,,,
"USC00150483","BEATTYVILLE 4 N, KY US","37.6336","-83.7161","329.2","2023-03-20","0.00","0.0","0.0","35","16","23",,,,,
"USC00150483","BEATTYVILLE 4 N, KY US","37.6336","-83.7161","329.2","2023-03-21","0.00","0.0","0.0","50","23","36",,,,,
"USC00150483","BEATTYVILLE 4 N, KY US","37.6336","-83.7161","329.2","2023-03-22","0.10","0.0","0.0","62","36","43",,,,,
"USC00150483","BEATTYVILLE 4 N, KY US","37.6336","-83.7161","329.2","2023-03-23","0.04","0.0","0.0","63","43","63",,,,,
"USC00150483","BEATTYVILLE 4 N, KY US","37.6336","-83.7161","329.2","2023-03-24","0.23","0.0","0.0","78","56","56",,,,,
"USC00150483","BEATTYVILLE 4 N, KY US","37.6336","-83.7161","329.2","2023-03-25","1.07","0.0","0.0","62","56","62",,"    1",,,
"USC00150483","BEATTYVILLE 4 N, KY US","37.6336","-83.7161","329.2","2023-03-26","0.00","0.0","0.0","73","40","48",,,,,
"USC00150483","BEATTYVILLE 4 N, KY US","37.6336","-83.7161","329.2","2023-03-27","0.00","0.0","0.0","72","46","53",,,,,
"USC00150483","BEATTYVILLE 4 N, KY US","37.6336","-83.7161","329.2","2023-03-28","0.00","0.0","0.0","68","36","44",,,,,
"USC00150483","BEATTYVILLE 4 N, KY US","37.6336","-83.7161","329.2","2023-03-29","0.00","0.0","0.0","56","30","44",,,,,
"USC00150483","BEATTYVILLE 4 N, KY US","37.6336","-83.7161","329.2","2023-03-30","0.00","0.0","0.0","59","36","42",,,,,
"USC00150483","BEATTYVILLE 4 N, KY US","37.6336","-83.7161","329.2","2023-03-31","0.45","0.0","0.0","65","42","48",,,,,
"USC00150483","BEATTYVILLE 4 N, KY US","37.6336","-83.7161","329.2","2023-04-01","1.20","0.0","0.0","64","48","61",,,,,
"USC00150483","BEATTYVILLE 4 N, KY US","37.6336","-83.7161","329.2","2023-04-03",,"0.0","0.0","72","39","52",,,,,
"USC00150483","BEATTYVILLE 4 N, KY US","37.6336","-83.7161","329.2","2023-04-04","0.00","0.0","0.0","72","52","60",,,,,
"USC00150483","BEATTYVILLE 4 N, KY US","37.6336","-83.7161","329.2","2023-04-05","0.00","0.0","0.0","82","60","73",,,,,
"USC00150483","BEATTYVILLE 4 N, KY US","37.6336","-83.7161","329.2","2023-04-06","0.41","0.0","0.0","87","48","48",,,,,
"USC00150483","BEATTYVILLE 4 N, KY US","37.6336","-83.7161","329.2","2023-04-07","0.02","0.0","0.0","50","43","44",,,,,
"USC00150483","BEATTYVILLE 4 N, KY US","37.6336","-83.7161","329.2","2023-04-08","0.00","0.0","0.0","54","41","44",,,,,
"USC00150483","BEATTYVILLE 4 N, KY US","37.6336","-83.7161","329.2","2023-04-09","0.00","0.0","0.0","55","40","49",,,,,
"USC00150483","BEATTYVILLE 4 N, KY US","37.6336","-83.7161","329.2","2023-04-10","0.00","0.0","0.0","66","40","52",,,,,
"USC00150483","BEATTYVILLE 4 N, KY US","37.6336","-83.7161","329.2","2023-04-11","0.00","0.0","0.0","73","41","53",,,,,
"USC00150483","BEATTYVILLE 4 N, KY US","37.6336","-83.7161","329.2","2023-04-12","0.00","0.0","0.0","75","45","55",,,,,
"USC00150483","BEATTYVILLE 4 N, KY US","37.6336","-83.7161","329.2","2023-04-13","0.00","0.0","0.0","79","49","64",,,,,
"USC00150483","BEATTYVILLE 4 N, KY US","37.6336","-83.7161","329.2","2023-04-14","0.00","0.0","0.0","85","55","67",,,,,
"USC00150483","BEATTYVILLE 4 N, KY US","37.6336","-83.7161","329.2","2023-04-15","0.32","0.0","0.0","77","51","57",,"    1",,,
"USC00150483","BEATTYVILLE 4 N, KY US","37.6336","-83.7161","329.2","2023-04-16","0.10","0.0","0.0","78","57","60",,,,,
"USC00150483","BEATTYVILLE 4 N, KY US","37.6336","-83.7161","329.2","2023-04-17",,"0.0","0.0","71","43","50",,,,,
"USC00150483","BEATTYVILLE 4 N, KY US","37.6336","-83.7161","329.2","2023-04-18","0.00","0.0","0.0","63","39","55",,,,,
"USC00150483","BEATTYVILLE 4 N, KY US","37.6336","-83.7161","329.2","2023-04-19","0.00","0.0","0.0","72","46","53",,,,,
"USC00150483","BEATTYVILLE 4 N, KY US","37.6336","-83.7161","329.2","2023-04-20","0.00","0.0","0.0","82","52","65",,,,,
"USC00150483","BEATTYVILLE 4 N, KY US","37.6336","-83.7161","329.2","2023-04-21","0.00","0.0","0.0","84","59","65",,,,,
"USC00150483","BEATTYVILLE 4 N, KY US","37.6336","-83.7161","329.2","2023-04-22","0.64","0.0","0.0","78","45","46",,"    1",,,
"USC00150483","BEATTYVILLE 4 N, KY US","37.6336","-83.7161","329.2","2023-04-23","0.02","0.0","0.0","62","37","43",,,,,
"USC00150483","BEATTYVILLE 4 N, KY US","37.6336","-83.7161","329.2","2023-04-24","0.00","0.0","0.0","55","30","44",,,,,
"USC00150483","BEATTYVILLE 4 N, KY US","37.6336","-83.7161","329.2","2023-04-25","0.00","0.0","0.0","55","31","44",,,,,
"USC00150483","BEATTYVILLE 4 N, KY US","37.6336","-83.7161","329.2","2023-04-26","0.00","0.0","0.0","64","37","50",,,,,
"USC00150483","BEATTYVILLE 4 N, KY US","37.6336","-83.7161","329.2","2023-04-27","0.00","0.0","0.0","71","46","55",,,,,
"USC00150483","BEATTYVILLE 4 N, KY US","37.6336","-83.7161","329.2","2023-04-28","0.56","0.0","0.0","70","55","57",,,,,
"USC00150483","BEATTYVILLE 4 N, KY US","37.6336","-83.7161","329.2","2023-04-29","0.05","0.0","0.0","72","46","55",,,,,
"USC00150483","BEATTYVILLE 4 N, KY US","37.6336","-83.7161","329.2","2023-04-30","0.11","0.0","0.0","65","51","51",,,,,
"USC00150483","BEATTYVILLE 4 N, KY US","37.6336","-83.7161","329.2","2023-05-01","0.06","0.0","0.0","57","41","48",,,,,
"USC00150483","BEATTYVILLE 4 N, KY US","37.6336","-83.7161","329.2","2023-05-02","0.00","0.0","0.0","55","42","52",,,,,
"USC00150483","BEATTYVILLE 4 N, KY US","37.6336","-83.7161","329.2","2023-05-03","0.00","0.0","0.0","62","43","43",,,,,
"USC00150483","BEATTYVILLE 4 N, KY US","37.6336","-83.7161","329.2","2023-05-04","0.00","0.0","0.0","58","35","52",,,,,
"USC00150483","BEATTYVILLE 4 N, KY US","37.6336","-83.7161","329.2","2023-05-05","0.00","0.0","0.0","66","43","58",,,,,
"USC00150483","BEATTYVILLE 4 N, KY US","37.6336","-83.7161","329.2","2023-05-06","0.00","0.0","0.0","76","43","59",,,,,
"USC00150483","BEATTYVILLE 4 N, KY US","37.6336","-83.7161","329.2","2023-05-07","0.00","0.0","0.0","78","57","63",,,,,
"USC00150483","BEATTYVILLE 4 N, KY US","37.6336","-83.7161","329.2","2023-05-08","0.38","0.0","0.0","78","54","59",,,,,
"USC00150483","BEATTYVILLE 4 N, KY US","37.6336","-83.7161","329.2","2023-05-09","0.90","0.0","0.0","74","59","65",,,,,
"USC00150483","BEATTYVILLE 4 N, KY US","37.6336","-83.7161","329.2","2023-05-10","0.00","0.0","0.0","74","49","62",,,,,
"USC00150483","BEATTYVILLE 4 N, KY US","37.6336","-83.7161","329.2","2023-05-11","0.00","0.0","0.0","79","55","65",,,,,
"USC00150483","BEATTYVILLE 4 N, KY US","37.6336","-83.7161","329.2","2023-05-12","0.00","0.0","0.0","81","55","70",,,,,
"USC00150483","BEATTYVILLE 4 N, KY US","37.6336","-83.7161","329.2","2023-05-13","0.18","0.0","0.0","77","63","69",,,,,
"USC00150483","BEATTYVILLE 4 N, KY US","37.6336","-83.7161","329.2","2023-05-14","0.09","0.0","0.0","80","61","62",,,,,
"USC00150483","BEATTYVILLE 4 N, KY US","37.6336","-83.7161","329.2","2023-05-15","0.00","0.0","0.0","76","58","59",,,,,
"USC00150483","BEATTYVILLE 4 N, KY US","37.6336","-83.7161","329.2","2023-05-16","0.00","0.0","0.0","76","58","64",,,,,
"USC00150483","BEATTYVILLE 4 N, KY US","37.6336","-83.7161","329.2","2023-05-17","0.20","0.0","0.0","76","54","58",,,,,
"USC00150483","BEATTYVILLE 4 N, KY US","37.6336","-83.7161","329.2","2023-05-18","0.00","0.0","0.0","73","50","56",,,,,
"USC00150483","BEATTYVILLE 4 N, KY US","37.6336","-83.7161","329.2","2023-05-19","0.00","0.0","0.0","78","55","65",,,,,
"USC00150483","BEATTYVILLE 4 N, KY US","37.6336","-83.7161","329.2","2023-05-20","0.00","0.0","0.0","79","62","62",,,,,
"USC00150483","BEATTYVILLE 4 N, KY US","37.6336","-83.7161","329.2","2023-05-21","0.23","0.0","0.0","65","50","57",,,,,
"USC00150483","BEATTYVILLE 4 N, KY US","37.6336","-83.7161","329.2","2023-05-22","0.00","0.0","0.0","72","50","63",,,,,
"USC00150483","BEATTYVILLE 4 N, KY US","37.6336","-83.7161","329.2","2023-05-23","0.00","0.0","0.0","77","56","66",,,,,
"USC00150483","BEATTYVILLE 4 N, KY US","37.6336","-83.7161","329.2","2023-05-24","0.00","0.0","0.0","79","54","61",,,,,
"USC00150483","BEATTYVILLE 4 N, KY US","37.6336","-83.7161","329.2","2023-05-25","0.00","0.0","0.0","79","54","60",,,,,
"USC00150483","BEATTYVILLE 4 N, KY US","37.6336","-83.7161","329.2","2023-05-26","0.00","0.0","0.0","73","51","60",,,,,
"USC00150483","BEATTYVILLE 4 N, KY US","37.6336","-83.7161","329.2","2023-05-27","0.00","0.0","0.0","75","54","64",,,,,
"USC00150483","BEATTYVILLE 4 N, KY US","37.6336","-83.7161","329.2","2023-05-28","0.43","0.0","0.0","68","51","52",,,,,
"USC00150483","BEATTYVILLE 4 N, KY US","37.6336","-83.7161","329.2","2023-05-29","0.00","0.0","0.0",,"51","57",,,,,
"USC00150483","BEATTYVILLE 4 N, KY US","37.6336","-83.7161","329.2","2023-05-30","0.00","0.0","0.0","73","57","67",,,,,
"USC00150483","BEATTYVILLE 4 N, KY US","37.6336","-83.7161","329.2","2023-05-31","0.00","0.0","0.0","82","57","70",,,,,
"USC00150483","BEATTYVILLE 4 N, KY US","37.6336","-83.7161","329.2","2023-06-01","0.00","0.0","0.0","82","60","70",,,,,
"USC00150483","BEATTYVILLE 4 N, KY US","37.6336","-83.7161","329.2","2023-06-02","0.00","0.0","0.0","84","59","70",,,,,
"USC00150483","BEATTYVILLE 4 N, KY US","37.6336","-83.7161","329.2","2023-06-03","0.00","0.0","0.0","86","57","72",,,,,
"USC00150483","BEATTYVILLE 4 N, KY US","37.6336","-83.7161","329.2","2023-06-04","0.00","0.0","0.0","87","60","72",,,,,
"USC00150483","BEATTYVILLE 4 N, KY US","37.6336","-83.7161","329.2","2023-06-05","0.00","0.0","0.0","85","64","72",,,,,
"USC00150483","BEATTYVILLE 4 N, KY US","37.6336","-83.7161","329.2","2023-06-06","0.00","0.0","0.0","83","53","62",,,,,
"USC00150483","BEATTYVILLE 4 N, KY US","37.6336","-83.7161","329.2","2023-06-07","0.36","0.0","0.0",,,,,,,,
"USC00150483","BEATTYVILLE 4 N, KY US","37.6336","-83.7161","329.2","2023-06-08","0.16","0.0","0.0",,,,,,,,
"USC00150483","BEATTYVILLE 4 N, KY US","37.6336","-83.7161","329.2","2023-06-09","0.00","0.0","0.0",,,,,,,,
"USC00150483","BEATTYVILLE 4 N, KY US","37.6336","-83.7161","329.2","2023-06-10","0.00","0.0","0.0",,,,,,,,
"USC00150483","BEATTYVILLE 4 N, KY US","37.6336","-83.7161","329.2","2023-06-11","0.36","0.0","0.0",,,,,,,,
"USC00150483","BEATTYVILLE 4 N, KY US","37.6336","-83.7161","329.2","2023-06-12","1.26","0.0","0.0",,,,,,,,
"USC00150483","BEATTYVILLE 4 N, KY US","37.6336","-83.7161","329.2","2023-06-13","0.02","0.0","0.0",,,,,,,,
"USC00150483","BEATTYVILLE 4 N, KY US","37.6336","-83.7161","329.2","2023-06-14","0.00","0.0","0.0",,,,,,,,
"USC00150483","BEATTYVILLE 4 N, KY US","37.6336","-83.7161","329.2","2023-06-15","0.09","0.0","0.0",,,,,,,,
"USC00150483","BEATTYVILLE 4 N, KY US","37.6336","-83.7161","329.2","2023-06-16","0.00","0.0","0.0",,,,,,,,
"USC00150483","BEATTYVILLE 4 N, KY US","37.6336","-83.7161","329.2","2023-06-17","0.00","0.0","0.0",,,,,,,,
"USC00150483","BEATTYVILLE 4 N, KY US","37.6336","-83.7161","329.2","2023-06-18","0.00","0.0","0.0",,,,,,,,
"USC00150483","BEATTYVILLE 4 N, KY US","37.6336","-83.7161","329.2","2023-06-19","0.00","0.0","0.0",,,,,,,,
"USC00150483","BEATTYVILLE 4 N, KY US","37.6336","-83.7161","329.2","2023-06-20","0.18","0.0","0.0",,,,,,,,
"USC00150483","BEATTYVILLE 4 N, KY US","37.6336","-83.7161","329.2","2023-06-21","0.21","0.0","0.0",,,,,,,,
"USC00150483","BEATTYVILLE 4 N, KY US","37.6336","-83.7161","329.2","2023-06-22","0.14","0.0","0.0",,,,,,,,
"USC00150483","BEATTYVILLE 4 N, KY US","37.6336","-83.7161","329.2","2023-06-23","0.21","0.0","0.0",,,,,,,,
"USC00150483","BEATTYVILLE 4 N, KY US","37.6336","-83.7161","329.2","2023-06-24","0.03","0.0","0.0",,,,,,,,
"USC00150483","BEATTYVILLE 4 N, KY US","37.6336","-83.7161","329.2","2023-06-25","0.00","0.0","0.0",,,,,,,,
"USC00150483","BEATTYVILLE 4 N, KY US","37.6336","-83.7161","329.2","2023-06-26","0.75","0.0","0.0",,,,,,,,
"USC00150483","BEATTYVILLE 4 N, KY US","37.6336","-83.7161","329.2","2023-06-27","0.26","0.0","0.0",,,,,,,,
"USC00150483","BEATTYVILLE 4 N, KY US","37.6336","-83.7161","329.2","2023-06-28","0.01","0.0","0.0",,,,,,,,
"USC00150483","BEATTYVILLE 4 N, KY US","37.6336","-83.7161","329.2","2023-06-29","0.00","0.0","0.0",,,,,,,,
"USC00150483","BEATTYVILLE 4 N, KY US","37.6336","-83.7161","329.2","2023-06-30","0.39","0.0","0.0",,,,,,,,
"USC00150483","BEATTYVILLE 4 N, KY US","37.6336","-83.7161","329.2","2023-07-01","0.68","0.0","0.0",,,,,,,,
"USC00150483","BEATTYVILLE 4 N, KY US","37.6336","-83.7161","329.2","2023-07-02","0.41","0.0","0.0",,,,,,,,
