resource_state,name,distance,moving_time,elapsed_time,total_elevation_gain,type,id,start_date,start_date_local,timezone,utc_offset,start_latlng,end_latlng,average_speed,max_speed,elev_high,elev_low,upload_id,upload_id_str,external_id,pr_count,id,summary_polyline,resource_state,distance_miles,moving_time_minutes,moving_time_hours
2,Ten Sleep Morning Run,2927.4,937,943,27.1,Run,9294421659,2023-06-19T12:34:47Z,2023-06-19T06:34:47Z,(GMT-07:00) America/Denver,-21600.0,"[44.080588202923536, -107.31504295952618]","[44.07666949555278, -107.329665357247]",3.124,4.75,1655.9,1583.3,9970213520,9970213520,D9326B4B-A20A-4FFC-963A-A75D2D17971D-activity.fit,0,a9294421659,sn`lG`~~mSBBIUG_@K[A?OYE?Is@k@qB_@{@Om@Ys@MQOo@Yq@IYIKe@qAMs@EIEUIOQeAEg@Ms@Go@Ic@Oa@QUI@WWYQQWE?ECEOa@SEEGEKSOIOUOAABWOSWU]KEEEE]AWJUDAHGDAb@DDED?NFN?FEHFFCHDFCIBm@@OC[Kc@DKPCVLn@LRDADNDBBFJ?PNTVHBDDFALPd@b@\TJ@RNFNb@b@LR?HD?NRJXFf@Jb@H~@Nd@N~@DFL\@TFRVd@ADVp@DBr@fCR`@Zz@FF@Rb@bA^`BZdALRDZBD@NFLLdADvAHnAHb@Bp@DPFt@J`@Dd@Ln@FLBh@J\B\FP@dAAlBCNTlC?RJf@@\FLARDL?NFVBVDhACZDT@nAPdB^jBJLH^XXLn@LLAJ@HPNNXPJHV?HHRVZNf@FFNZFBNVRh@Td@?RBDAHFXV~@D?BXDL@PNt@@\\bAHb@Jz@DPDDHVATL^BRPb@Fp@XvANb@Jl@PZ,2,1.819002021606,15.616666666666667,0.2602777777777778
2,Ten Sleep Canyon Old Road Morning Run,3801.4,1185,1327,61.0,Run,9294421645,2023-06-17T12:57:06Z,2023-06-17T06:57:06Z,(GMT-07:00) America/Denver,-21600.0,"[44.07680050469935, -107.32967047020793]","[44.07670805230737, -107.32964641414583]",3.208,6.196,1645.2,1583.4,9970213502,9970213502,9E9E8812-BB6B-4016-96DA-8E72047B2967-activity.fit,2,a9294421645,_w_lGlyanSCMIu@S{@EGB[Ik@AYIIIU@MEEIc@CE?GOQGe@KMM_@BMAE@GIK@SECAo@Qq@GI?MGKC?BKWs@?GCG@KGIAQIK@QEEGSGGC[KOEAAKGGAOIG?IOY@GIGUi@G@AGEACEAOIG@EQ[CUQc@OM?GGQUUQi@GGMGEKEEASKQAUOSA[QoAAYDMIi@AUGKF_BCs@K{@I]@eASmAGaBGWDg@Ck@Be@AGAe@IQE}@ISGo@O_@Co@Uk@E[Cy@E[BOK]AKBKCI?KO}AEOBGIU@k@HMJGDDGIBJDAIDEIECOLECCGI]?QCQB?@EMKQkASa@ASKWMaAMKGMS{@AG@GEK_@q@G]GQOO?Gw@oACIAQMWG[Yo@Cq@E[BGCMI[OOCI@MEi@FQ?e@EYIM@QHGFBFNFn@Ip@?z@DLDX@\L~@Bp@N`@?JPbADF@FTl@BDPJFPJDDRRXFPNl@?d@DRNHJBRd@?JXlALRJXFh@Pb@Dh@JJHd@@ZAf@D^Lf@Bl@G`AFPBZFHRz@BX?P\`BBP?HPT?J@F?NFPCJDF@TFR?l@Ex@EXARF`ACX@HBD?TFNDx@LVFXAdAJN@t@DPCnBDXBdBDBBFFn@@JD@@THZ?JBPEVGHAPLL?LL?@HITNDFJEJDH?JDBLCHNRDDDNDDPLCB@FRPBBD@NDBBPFJCDBFV@Db@LP@HFFNDLZ@LDB@H?LDXDJAFNf@@TRZVz@AFD^JL?RDVFHFV@TDDBVFH@JBDFTBbAJ\H^LHHJJr@NZ?HFVJN?JN`@AHLf@FF,2,2.362080441666,19.75,0.32916666666666666
2,Grays Arch loop w/ Rush,6222.5,2225,2271,173.6,Run,9176575201,2023-05-31T15:42:37Z,2023-05-31T11:42:37Z,(GMT-05:00) America/New_York,-14400.0,"[37.80787202529609, -83.65785769186914]","[37.80757279135287, -83.65820646286011]",2.797,7.315,392.0,255.0,9845666953,9845666953,5AC4EBC8-8F82-40A1-A71E-464C999BD249-activity.fit,0,a9176575201,ejweFrlr}NIQWOQAAEIAIKE?@FFHOOe@BGEKHSGQ?k@SOOM?IGo@JM^E?WXKx@HbANRHh@Zf@Td@?RHXD\LXBj@@ZUt@YLGAOFW?i@SYIa@EYQS?a@IKHCIIAGOQGMQE@YMg@c@GKW?[IWWUGIIYCe@Qe@PYb@MFQ|@SNAFQZ?HGNULGHARKPo@JOCWDSJYDe@AQIc@@SIWBICa@HWNo@Fe@EEIQDi@[MWASS[GAQLMf@_@Ri@Bc@G][O?SOQCQUEMOFKK?]GG@_@GOAIMK[GCCDmAFMAMMY[AIKE@QIi@RQCEI?QGWBMFCCUQ?EKIG@EIOOSK?CETOPCJHJPN@BCACEFJMCIRGFIDBAKBLGb@DFCDFADRCJDKB@CEDIG[DAIAAFLe@GYIGEQMFMCSF_@CYO[PIKOGCHg@?GLI@KOUMCI?_@GOE@SMCFCIMKIYi@_@?MGECOQMAUc@UIYYCQQKWG?EKMCCKE@UOAKIOAOGBQCMQ?GMI?IOAAKQEAOK_@GC?KKAGIASM_@KAIUIC?KCDISSIEB?KGDSS[HQg@ZQFe@HCTCd@FJIHB?ICSF_@EEDEFCNDR`@AKBE@FF?ED@IJIBIK_@Cc@IWDQCMBKIWDOPMFWH@BOLE^?HETD@HFURY?K\VBPFD@HCyBRc@F?@i@CM@MGWGCEKOIGq@DCGOC_@ABDK?SBCH[Ca@@g@Co@LcACSBOEUV[BYCMDEDWCGJCAMDAEFUGCE@IH]B??OFCDQPSAGNe@?]B?AHEEAKB?CCAD@CGGGFEVi@ZOCEGH[FGJs@LGT@PMDBFEH[HMD@HQBWHCDIb@EZOZ@BHXVFJPHDVF@BRJJLVZHLNDARNn@JRILDz@_@J[DCJQJEBKNQLELKPGj@DPEDFXKPLd@LL\NJJRBXDHNDAZDLj@j@RLT^RFDJF@HNH^FHHBRd@PTFh@DDZp@JFHPRAPPVBHEBD?ILSFARUDQPE`@CFBZEJFLGV@NNXG@FHFBGLZNFF?FNF@NXLHBRBB?DJHD\DBBNHLRd@Df@NL@FB?@FPHFNVLFF?D`AXLJ?DHDX?VJl@^NR@NFDPX\LHLJ^ANLVXP^j@VRfAVHHJTHEFBHH\BXNn@U^c@b@EPPb@J\RLRHBNZLHDn@An@Kt@J`@DnBBFP`ADJAZD`@AZBH@PNTPp@JJDNRXANKRKJM\MN?HYb@Ef@GLAd@Jx@\j@`@`@CLGFCVGFCL,2,3.866482229775,37.083333333333336,0.6180555555555556
2,PMRP Rain Run,8973.2,2836,2882,368.6,Run,9159069458,2023-05-28T18:17:37Z,2023-05-28T14:17:37Z,(GMT-05:00) America/New_York,-14400.0,"[37.64462482184172, -83.71412750333548]","[37.64463094063103, -83.7141434289515]",3.164,16.328,349.9,259.0,9827119565,9827119565,8FDC9AE7-669F-463F-8FE7-69ADAECECDF6-activity.fit,0,a9159069458,{mwdFhl}}NEXUXo@?[^YPKCQt@eBvBeA|CY^Y|@GCQfAMDCZ]d@Ot@YZQhAMNm@WQcA[IWc@SBe@p@iAYg@Va@MBJEG_@RQe@_@YS?CTG?Ea@ICIY?NQAUk@i@G{@u@WHQOi@Ek@q@Ca@M@_@_@?k@WWSg@OgAMGKiAF[i@aBFWCQJQI?CSDI?SGKLDUi@KCI_@Bc@EAF}@JKCMBi@WKAq@FKI}@SIUUBQSSHc@IQBk@Ki@FYAiBII?HEOQXK@C]M?FINAJPY}@@OqAb@Gj@q@x@a@LYNBZDACVNGt@^AJLIc@FPCLRJx@MXJJP|@MfASZk@VQ^a@DSVAZT`@?TWx@C^DNtAKz@h@GLFf@GNGAFd@KFHXZBVTFd@Qr@H^PX`AZLNHh@RDMHYSODeAbA?Ku@e@o@Eg@XFf@MVOOEFYK[JCMPa@QFIKKJ_@QCBLJUl@OCo@XESHXBYPTPl@WUPNERFNQtAv@fASZHBBOLCMeABQl@PFLJMtBYBNRPd@MNYV@VXT@z@Yx@GBK`AT\VlA_@Zb@RDr@xAHd@?TWRcAJAl@IRDVTCh@Pf@`@|@Q^B\Xf@M|@d@r@?\MVHvA]f@Y\LLf@Dx@M`BiAM}@Vc@?]T]BIKOVIf@xA?fCf@xAABG`@Fn@OVc@JUN}BTSLLRt@G`Aa@n@Mn@Wd@e@VIrB_ApBCxAKLCf@OTK~AINo@pCu@`@Aj@f@PJGA`@_@x@u@p@a@MDCMJAVKC?l@N@V|AHDIKBE]GoAsAD@_@FQMw@Oe@CYLKKe@ZUQk@Jk@SOH_@?y@b@I?[GMIu@cBc@YO_@cALW[QJIGIm@K?F[AOMCDUMCCSIAYkAr@h@BG?HXXULBKHFIHb@YNVjA_@`@Fv@I\u@LG?OTCMm@D]_@QCQk@nABHMd@Ec@UlAnAeCKQB[HDGXZLAFFId@@\b@JI`@Xd@HTVz@A\LHTLAFKz@ATTl@Dp@d@jA\BHJEd@d@r@c@BQZ_@Jw@P[PqBTWLyBN_@@m@`@cANgAl@aAJc@TMh@eBB{@TN\n@p@^LCIc@y@MWa@@SY@[g@GsAYaAQwA`@uB~@sBn@eCN[n@eAZsApAwAfAsBn@a@bAWH[,2,5.575687962108001,47.266666666666666,0.7877777777777778
2,Lot - Lode clockwise - Lot - Lode Hill up to pay station - Lode hill down to Lot,2615.8,843,849,96.5,Run,9059541871,2023-05-12T19:53:27Z,2023-05-12T15:53:27Z,(GMT-05:00) America/New_York,-14400.0,"[37.64475432224572, -83.71380949392915]","[37.644639406353235, -83.71410939842463]",3.103,7.168,339.3,267.6,9719069921,9719069921,24A57C94-9908-447D-A155-9BDE2019A7B9-activity.fit,0,a9059541871,unwdFhj}}NACDG?GOa@M??HE@@EC?EHKHEAAFQHO?AACDWWGACGKIEI?KGBEGICAGCCGACc@KMCMJKNCZDHER@DIFA@IPc@H]FM@KAGFECYIGISUKG@MME?KM]o@@QCOS[KCIKCQCEKF@GG@ADG?CCA??IKO@IBGACe@IIIKAEHS@HQGAHABDCMAJFACIE@CI?DDBIU@SDED@G@MAHGAQJIAIIOFKE]@BBEIIF@CEBF@_@Ek@HCBSGMBCBIFIBTBIPN@IHO@^BE@JNE@ACIIIICL]DEEDL^?PGFNFIE@HCVTALJFABEJAACF?@GBZEBBN@f@R?DD@NHADDDJ?HD@@FJFBNN@@FD?BLVXLJ?HD@DHAHBF^JVl@BDHAJLDNDBD?LPFBADHPETEJSPERKFEHBNCDAPCF@DANCF?FQf@@DMLEP@BEDATDRELBRGV@JY`@K?C@ENCUh@SFBTNF?DZDJ?LNp@DDLADSAS@_@FQX[D[Xc@FQDCHSPSFQj@g@RKD?BEL@RGPAP@\XZLTAD@l@ENGHA@QGIB_@XSp@OHBNA\LDB@FAJKDGAII?BBBFBD?FGGMKEO@SEa@AEBWb@MHA^UN?HOAGBGHEACDGAGOMGKDCGYKYCQKKAGFKVCEG?E?EFIKQNEAEXMTE?GFCJG@MXUXGVGDCJE@ARSNGL@TCh@QHCEMC@A,2,1.6253827588020002,14.05,0.23416666666666666
2,First Blue Loop Run - Lode lot - Velo - bushwhack - arch - shipyard - flat holler lot - Chico clockwise to cave - lode lot,9653.3,3349,3385,453.1,Run,9017048707,2023-05-05T18:39:29Z,2023-05-05T14:39:29Z,(GMT-05:00) America/New_York,-14400.0,"[37.64486974105239, -83.71435523964465]","[37.644784580916166, -83.7140276748687]",2.882,14.712,332.0,259.2,9673999538,9673999538,A1D712A9-AE60-46D6-BC79-079F26074906-activity.fit,2,a9017048707,kowdFvm}}Nu@VuClDm@bBWTMv@MA[p@QhAOPD\m@r@[tAKE]tCNlA`@f@FlAb@z@b@ZvALfAOl@oEb@MKQ\[Cm@Pq@h@EPLGh@QLLFQCPPETdAb@FNKFRh@j@IT]GY@k@LWP@JWTJJICNL\`@_@EHx@ZOWF?Lw@VS\D?XHBSJb@PDGFTK]\EKGW^Br@t@Rd@Q\PB\T@bAw@[s@N]@e@\GAQDJHQNXVETRNVr@EPQEZBw@BFBCH_@AJNECLTRIBDODVGOd@R?VOPLTd@q@CWX_@Dm@Qv@ZDOZ\LTUe@d@KBRRXCWWFIk@Nt@Ne@l@AOVLPQSAYBVBNCJ_@JVm@SDFsA_@dAT@\TFB`@j@B[Mg@F^FG@DCKCJBQCJRSDBNPESTGLHDIAb@ZCTJAEJ[R@IWCNP?DMd@f@UOc@gAz@N@IB^]ELEGLQW\zBzDkDu@@MdASM[OJDDW?M]?RJFYI@LOs@Dx@OANwCs@jBIMOFK\HVSFHTKF@X^Re@Re@HJJQPD`@SFNHRF`@FDHW?EPBLJJUCHPWBd@GYKi@Ru@c@\NSLGIt@x@e@PZo@KWR@CYsA~BwAeA~FRoBeAc@Th@GHZHSOTGIb@[c@[BLMCDk@]a@OJEPH@SEJQ]@VQSWZg@IGP{@S_@cBEmA\OS@b@s@GGZa@YMTQCBFYUs@pAg@g@Ml@D|@GTRX?XMb@D^e@bAy@KOiAh@mAKQHa@?WEOROEUT}@\_@gBEQWs@Gi@Vk@Cq@r@a@YKTg@D_A@YGK[FQnATMFUy@i@]a@MIaA]w@Bu@Uk@@}A`@uBbA{Br@qC`@a@f@oATq@He@UAOXN^GHkAUa@PMIIZw@KaA@c@Ny@KqBcBi@Zc@?GYa@[eAL?WSQCPD]BNKNQSKDEWi@^a@ENGUsAL_@b@^KBD`@?ObAATSQkAVKFPn@@TSYuALDGIJWKDFENR@a@Q}@qAOYO@c@Oc@[FaA{@RE?Ot@`AZ]G_@\AGIZ^|@]\_A?SSEARK[]ASYqAUXw@EGTJe@D?ShB@dAnCF~@YrBRTVLFt@R`@IXD\`@n@Dz@ID?RJVE^BV^\l@C`@TVZRr@nBnAvE}@vByCt@k@z@QHYGg@,2,5.998282508427,55.81666666666667,0.9302777777777778
2,PMRP Red Loop (drive by-bob-lot-tow-gmc-lot),5774.7,1769,1827,131.6,Run,8973585450,2023-04-28T18:23:12Z,2023-04-28T14:23:12Z,(GMT-05:00) America/New_York,-14400.0,"[37.644651057198644, -83.71401585638523]","[37.644623816013336, -83.7140057142824]",3.264,11.087,333.2,258.4,9627942193,9627942193,2F517B9E-B515-40EF-8768-5870F570A507-activity.fit,2,a8973585450,anwdFrk}}N?LQh@?CILa@FWf@IAGJkAbAEN?LCFMDCFORCPSFELMFGLEDKXI@CPWr@GZKNKb@ONGZIN@TIL@JKNETQPCN?NGRIRKH[r@Kl@?^VbBFPB\N`@Hj@Df@@p@CZ[`@ANMRANGR@NG@GLKCG?ENDRY\KfASf@OTQh@APBD@p@GL[nBOh@EBBFCb@K^KJ?^GNCZSP@L]BMP]fB[v@Wd@APIR?TNHBNAHLf@ACAD@IC@B?@DAABBDb@DD{AcGOIS@c@\KGI?SJWj@m@v@SH]?c@I_@@MC_@A_@FSICHIAUF@BMFa@B_@KKUME@GCCG@CGKG?MUSCG@GGCAGICEBGIQIW?KOK?c@WIHCGE@MO@[AQ[KOSCMGA?JEADUDEf@U?GVJHUKE\ALMVAPHV\AHFDHAXWTIb@HLM@GLEAWEAUe@YOAEMEG?CDJCJIAKTC@CRHBC?MGEQYFD@GTG@DFED\FFF@LIb@NFEJ@DBFL\NBFF?C@?BFJRE\\NQJLAGHAAFDJNLBFNEIPRHF?HIPBZOf@K@FR?BD@LT@HIJFBHLAPH@HHGDBBCLL@FTDJE@PDFD@TOHTNPVKBBNMR_@T_AHK?GDED]D?F_@AQDEJ_AL_@FE?a@GOFg@MYDKVSB]DEHAPa@NoA?MFI?IHIDUF?DG?QFW^WBG?KDAHQDc@FGDSQUh@CJFHTJFBJD@@DXJFNANW?U[a@cAQCCEG[CEMA@IK]BUO_ABGOc@AUEIBGES@aADET_A?KN[@GHILk@FCVi@?ODCLk@J]Xe@Pk@R[D?FMB@XaAJIJk@`@_@FALa@Ve@PURKFSFEBILCFMR?f@KDG@ICs@@k@M]GEAGQ@QLC?AJIBFGHc@JK@YBIEKBE?IDGBMB[NYHYCUF_@BC@SDG?[HIDM?GIOZQ?GEIAMKMAKi@a@Q]SUEUMCGUKQMIMYWMKWUKKSGS?SMMCK?QGa@GE@CIEBEAGKOE?IIML]@IGAh@ID@CEFCZNHCOWRQKH@ABSCRZBLG?CHBB?LGL@PKJQ@BD?HLJ?FM@GHH[JF@ACCTHFCCFL\?TDD@JFD@FH@FKVFL\GRRAFFH?@NZNTXJBDTCJF@HZLCCHJPVL^@FL?ZJTAVIZEJC\IBUP?PIHUBo@OM@EE?GDFHr@XVV@BPCLTLBF?JHC@LDFJ@RGPSNI\DNNATTj@,2,3.588232210893,29.483333333333334,0.4913888888888889
2,PMRP run before work,6867.9,2329,2376,228.5,Run,8885448119,2023-04-13T18:21:31Z,2023-04-13T14:21:31Z,(GMT-05:00) America/New_York,-14400.0,"[37.645207112655044, -83.71454006060958]","[37.644659858196974, -83.71419346891344]",2.949,13.132,333.6,259.0,9534311976,9534311976,89B2BBFD-A972-4F20-97ED-AC0A0EBA02C3-activity.fit,0,a8885448119,oqwdFzn}}NGNQN[h@eAnA?VcAbBKXORk@~Aa@fB_@l@e@zAQRWhA_@XYEI@m@SIMK_@[g@[Ic@HKAQHUCQJ]EEECDUHK_@OISKOBGIID@m@Q@KJUQOWWGGISIIJS_@G@KKM@MMGD[IGIQ?KOIFI[QUG_@KCSSEc@BMQMEKE@Us@?SMMAMGAK}@?WCGFGAMGUIGEi@GQ@KDEAIFYCC@UEEAOCE@OKOCUIMMg@Ac@BGAUBMAKHMCUGEFM@OC?EY?UG[CW@YI]Uc@BMCC?UIGGg@B[EKGm@H]F@ASGIAKMGKYE?Gi@]O?SAEC@@C?HD@UNKGO@CEFBGHEXg@p@SD[\KAQRADSERT`@HZPDCPFJp@?XGZPr@@^Id@A^]n@INc@VELg@PGPC?AFDHAFNN?FCTKVAZ@@CHDCf@DVNd@JVn@H\Gh@DVHTRLPl@?LOt@?HHNRJLLb@Nf@p@Jf@MLSAQGM@EVGBGPIBGJOBEAAKKICMo@?CAAQIAIFARKJGVIDKGWRQ@OCEOG?CMCH@WD?@GHF?MQCSP]F?FA?CJK@DCGJE?CHYHEHMABNGJ[ANHMTGBBGXI`@s@RLNRHETTJDK?@Dh@NlA`AEa@K]oA^AHGDJFDlAACIRPCUGFQd@Wh@IRKf@AJPBCAb@D@\QNU^QXP`@DLKJ@LGRDBIP@@INAJMH?^RNALJZC|@@\Z\LT^HBPj@AXKd@_BfAFRRJJC`@^H?LJL?JHFAJHJAFKPEH@NLN?VDDDRIF@XJ@GZZR@r@KVBn@A\QB@HGz@OP?LPHn@A\BTGd@DBWn@iBLa@HYP{@FMJn@GRNp@@`@TFCPHPIPVVHRAh@Fn@?`@Q?IPEFIH_@CW?SDQCIBGCGXc@@ITBJJF\HJCd@GPMR?PCNy@`BATGHK@ILGxAGHSj@MLMV?b@OjBw@jEQXSv@[NMVQHEHBJCA?HTHP?DVCl@UZ?TUNYL]@EM@M?QCCLGLQDSPc@Nk@AIPK@GXYT[DWEK?ERWx@iENaBDSBCC_@DMd@e@JWDa@Cc@PWCWJGBOJKBIAIF@BEb@y@H[PQAm@ESPCVBTXTBLTNHB^AHMFKGOe@KGK[m@i@Ks@ISKu@ECSaAA{@GWj@eCPi@d@cA@KFER}@Ro@`AwBHEHYP]@UBIVUCEPYHCfAeBZSHWNGFOAKFA^PPCPQ,2,4.267515195801,38.81666666666667,0.6469444444444444
2,Courthouse run counter clockwise,8248.8,3275,3344,279.2,Run,8880411991,2023-04-12T20:59:26Z,2023-04-12T16:59:26Z,(GMT-05:00) America/New_York,-14400.0,"[37.820134749636054, -83.68102812208235]","[37.820320911705494, -83.68090356700122]",2.519,7.558,398.4,237.7,9528980631,9528980631,3772D582-C7F3-4270-A8B0-64FAC1B02286-activity.fit,0,a8880411991,yvyeFl}v}Ni@GQFAJH`@EZFd@Qr@p@pB\`@CXa@h@uAxA]bCKV@TQbADpADFCHP`BfAjBbAXj@b@VtA?VR\F\Vn@Ah@BHE`@Ob@ULcAhAcAVc@Ao@Ra@B_@TIZYRSf@UTqAr@GLCX@\OVSv@QR_AHeASmDSoAYEKSGGOG@i@eBAs@GSCW@QKY@a@Kq@[o@SQs@cAe@Yk@Iu@BSOUDsAk@k@Ke@BMGSDg@IwBaAeAu@o@QYWq@Ou@Zo@`Ai@Pi@Oo@BSMI[?WQ?YLITQJ?RYHQTHm@FQHIF@KLUGWWRi@VUGKXF?D?GGIUAEMGLw@ZILI?QZ[RWCKJWDSGEDQ]e@EESOOS?Oc@OMC_@IEDQIUMIC_@IQJe@GYB_BBGIK?k@Je@CGHm@CQOU?{@KGCKKA@g@UKCQg@KISYSOAAGMEAMYKOYEAI]MQMaALYCQJU[[e@XMVMFGC?I_@As@_@c@ZGVIGWPEJWFARIJIE?Fm@c@G@[]KBMU]@UOILEKEB_@gAOGCUE??WOKO?GOMC?GEBUQOLG?OPCOOW_@FEPQu@SS?UKe@EM[SSHKIeA?OGGPa@Mq@g@Q@u@S]a@?IS]Ey@Hi@GI@IU?QNCKWQI?AJY@MMQ@ISINa@A?DISEHQEWMa@DKMC^GLOJSCDJCMe@\@H[?EDMKGSHU?e@EILKE?JMAIFULBAKDIE@D??IDCD@KAKNG]p@Q?O\AAGF@KOHJTCHO\G?GLIz@QBEKE^QvAi@BIl@Gt@W|AO^Jp@j@dAt@Df@RD`@e@XK`BQtACh@PDJb@DNMAYt@i@nAq@h@OZe@b@_@PY^Ct@T\XfATt@WzD}@n@Af@VZCrBPlBWZJ~BnBZ\L^LFH^LJDT`@l@R@p@f@^Nh@v@Mb@@HRCNM|@]TU|@]b@[Z?XTV\Tv@n@f@lA^h@KXOz@MRM|BSPXEXJLGDUGMSB^p@`@Rr@PLLXHf@ATFp@_@x@DNTXKb@Gl@IJ@RE^Pj@VX@NNZ^LRFf@E|@BrAE^Tl@f@BJ\\\C\S\D^VH?P\jAh@b@Fv@M\{@fAGd@Mb@SRSNBHQIg@DYGYB?DQQSc@y@Ii@KOEYs@u@ASDe@p@RT\h@zAfApAN?,2,5.125566672072,54.583333333333336,0.9097222222222222
2,Louisville Cherokee Park Tooth Run,4633.0,1333,1363,40.0,Run,8874318870,2023-04-11T21:38:14Z,2023-04-11T17:38:14Z,(GMT-05:00) America/Kentucky/Louisville,-14400.0,"[38.242203, -85.698724]","[38.242104, -85.698728]",3.476,7.6,164.3,135.9,9522216025,9522216025,90AB0235-9866-42F6-BEC8-CEEA96C398F1-activity.fit,2,a8874318870,wdlhF``ajO@FCDC@ALCHFV?C@@C?@GFAF@CD@CB@@GNGJOB@?QPOJQH@DMRGN?HDDIDAHMBB@Ed@QJ@Fk@TEAAD@DB@DC@FJDP@PDDDLBAHNHFJARXBDA\DADTJVFC@PIDIHm@|AHN?HGC?D@@DAFTF?BHHHBXMh@@TSJDNIJEAAHGAWTS@KCEDQ@GN?EEFKD@b@E@GHGAADSAE@KKG?QG@GMBKAQQCBIIOWQKIYIAEIHRIBEKG_@@IOa@@KCMBMKg@C[BMH?@MFGBUFOLCHK@ODA@OFM?EDAAKJU@KRMF?BEN@LUH?PYJ@FSH?FIRKFK?OBCDADBDGNEFHF@@LFFFZ?Jd@\BHFFH`@JNF?@FZRBLGDFHRINLC@BGH@BDADLLD@XXr@NBANBNARTF?RLF^LBDFRAh@NLE?EN@TFDITCNDHA@@DAXTFNJF@FJDZp@D@DPALHJ@NJ\ALTdBHNHF?b@DPAHBDBLABDPJL@NRNRl@HHL@FHDJLVH?TTJ@DUCSGMKEUWc@OAESWIYOKQ]Iq@EKGU@SEO?UMa@AIGWIKIm@KKSOAGIC?SCEEAGUCG@KEA?IEM]g@SMMOGAGQKCEEEMIICOKMEOKIO?OEAGGEGMEQSWCUGIGEM]?KCOIIEWQUC??EKY@G[a@M}AO}@Jc@DC?GBGHGH@RMP@HQTOHYTGLIX@LIF@HCPDNCDCRBTGD@LINEP?`@ULAHOBMHQ?SJ{@JECKDGDEHCZCHHNCPTDLHH?FHFBHLHD?BDJETB^GRDNAJDHAFBRB\LP?LDN@DCJRVJb@A@KEEEHECE@CGMGSq@WGIEAGICAQICY@GGICBEEQE?QMEGESUUCMKCGQ?[IAKOSAEBQCMIGC@KUUAGGEWCCES@EGO@CDCAMBACC?YFKGOBk@?c@T_@SKAK@GCOHI?C@g@KKFGAICGOE@EMO@[j@AXGROXGTG?EJMDCNUFQJE?IHMB]?SFK?SLG?MFM@SHS?c@GEB]KKDGAKDIASLMNKDKFSZQh@EV?V@JAPPXNHBHGLBIAB@DFJLEFB@HBBJAJHLBNLPXHVD@R`@?`@BF@d@B^IbADTI`@Y`@IRQN]NGHEDGACFGBc@HYCUNACI?,2,2.8788127232700003,22.216666666666665,0.37027777777777776
2,Courthouse Run counter clockwise,8072.0,3486,3548,279.7,Run,8833532781,2023-04-04T20:51:28Z,2023-04-04T16:51:28Z,(GMT-05:00) America/New_York,-14400.0,"[37.82086850143969, -83.68028079159558]","[37.82011840492487, -83.68110347539186]",2.316,6.178,396.8,237.7,9478951499,9478951499,83E02511-54CB-4A5D-94A0-1C2FAFA18F93-activity.fit,0,a8833532781,k{yeFxxv}NK]a@k@k@YCF?\HV\h@NH`@z@RJD`@PTFb@Kp@@d@[p@MEWR?FAGM@q@ZMGk@DGh@MZBJu@@m@KwAs@w@q@YAWFKN[?S[WQAIYMMYWMa@CIJcAE_@Hi@AYMIB[So@}APaBHDAMDIKUBWSU?O@M\WBYGI?o@Kk@a@m@Ia@QYk@m@JEJHV?OMKc@UCSLW?WGSDm@X_AXg@Hw@GqAy@c@eA_@e@OCg@NMPeDxAKREMBm@Uk@eAm@k@_@Ua@c@cAqAeBg@UMSg@c@e@OqBTkCSc@Qs@?e@RY?o@XsB^QJ}@Ug@_@kAMWNi@bAURg@H]Zi@L_An@c@FBDEBSFYSk@Gi@JKEqAJ_Bv@OIA_@MWeBmAg@EsBNa@LKJu@VuA|@]@aAf@CL_@DF@IHOGKHLCALM@AFw@DCJN?CBDFC@DE`@B@Zc@@Kl@KHF^Gr@BHKFx@a@AEt@OTg@@QHJ`@Hd@EJRAEXJZB?IH?\RNI`@?jAJ@`@Q\CC@`@PZANJ^FL~@PJF?Hd@L?JRKr@ZJIRERCb@??Jf@BVLHF?PJBHxANH\UT\d@FJLf@Hp@\HVVFJp@Rd@n@H@HPDLK~@TLGNTRALGRc@n@?|@QFDNEFUJCFPIF?FUCTFXG^PJKREGAFTCPLB?TG?BFGDBLHE@DAPKDDD?VFPF?Tb@LHAHR@j@l@j@ZHRd@^Tl@AZ?dAHJ?JCEHTG`BCB?l@DZGb@Jx@AHCEDRCPFNCHBLFAJZ?NECPTAHBEVd@^V?P^@j@ZDGZJNELT@GJ@Va@XMN@RQ@ICCNEB\FFEDFDDKGGNEJJ@FGXG?ET`@W?JECHJG@HRFECD?BRM@ONQv@KDV?L`@VG@rAN^KNe@l@m@fACp@Nr@f@hAp@\Hf@^b@Px@HpA?~B|@vAGf@L|A~Ab@dALH@j@FPCTF^Cd@FL@^ZdAPRDXx@b@zFl@~@Bx@YXcABy@Pa@nAm@^c@He@HMjAq@tAKxAa@l@i@R]Tk@Am@Om@C[GIED?_@c@aCWa@g@G]Se@a@a@c@Qk@Ei@KMG}@FkBR_ALwAA]Nq@lAkAx@k@h@GRu@a@gAc@m@[aAEc@Zk@,2,5.01570824568,58.1,0.9683333333333334
2,PMRP run before work,6937.3,2128,2165,232.5,Run,8804960417,2023-03-30T19:33:49Z,2023-03-30T15:33:49Z,(GMT-05:00) America/New_York,-14400.0,"[37.645242903381586, -83.71459303423762]","[37.644758680835366, -83.71428357437253]",3.26,13.85,342.9,259.0,9448869817,9448869817,07EC5184-BB88-4D0C-B53D-96ACE7C188BB-activity.fit,3,a8804960417,wqwdFfo}}N]VgA`BMF?J[f@a@dAORIXQR[x@i@xBi@t@[rAMPQ~@KTk@IQQg@cASE[B_ACQEGFIG_@NQ?MIUFUCKPQc@s@MBICSm@M_@]c@KYWUe@Q?QHYMM?EIe@SGBSc@Cg@UEEKEA?g@IMAM[OEWBWIUMKEUIMI]BEC[FEDYGWWY?[FWEGDC@ICSEKFOO_@?GOW@SMc@@QEu@FEAKL?BIEY@GCG?GKOIq@DOKu@@UOUIy@O{@CKB[KUHWEM?e@UIEGBUGAAI@KUYMi@DMF?QLILGEKDAIYFMVAXOFANOFIPSBILYTIAGHOMML`@j@NE?D@EJ?CHLE?HPAHHALPNJ?B\APBBSZDJD^Lj@APOXIj@MNM?MLI@QXCJWFIN[RTn@CFEv@CBDTt@DAEFGf@`@JVNLH\A`@GLDVXj@VH@D?n@K\ATVf@LDDLJ@d@^HAFZHD@TBBKBWOQAURK^OJITG@GUa@[MDIV?YMa@QDKNSEBGGRHX[ZSVUAQKB?@YBECCFECAAOICQNGIQBCEDJGD?JIJa@HAFKF]NJFEHGKKCAKIIKEIFAHHREi@THGGFTIGpC?\M~@MaAjADDcA_@UnAHb@@PACFDADFLNDNTFBLGDDBGD?NBPa@`@HJIJBLKHJN`@HD?NNCZg@^[FAZN?NFDn@INK?Gh@OX?l@RP?H@BFJCDDd@Q`@?FLTVF@RXPh@LDHRE`@MTKDKAAFe@LKN?PHZELRLR@XTRENB@DRJBHR?P[NAHHN?BFJE\NVB^XJ@`BCPIh@?XI@D\Ub@GPBDH@\DJAl@D\Qf@QXu@Em@JECcA^q@NCHr@DFFLG`@FJH`@F@Jb@CBHPJj@Jp@?HJFAj@Ub@a@JUDBESBWCSDAT_ALOJBJRATHTEt@O`@GFm@rAKb@UTDRW~Ao@|@Gt@@LELCn@}@|EUb@@Re@z@WRE?EGAD?RLRNB@H@VM^@HOd@IJq@RIGC_@NQFMCEj@cAJu@d@OBMHGNYEc@LSF[N]b@sBN}@FcANk@C[RQJWRsATWBSRm@r@eAHk@DG?SFK?g@FBG?XFDJHD@JT^PDHJEQOMIUm@SSMMWAg@I]O]DM[cAAW@qAZwAZ}@\m@P{@\y@X}@j@gATSB]N_@?OXk@TUlAkBTMBQFM`@Mb@?FI,2,4.310638356387,35.46666666666667,0.5911111111111111
2,Pmrp run before RH,7214.2,2249,2272,219.1,Run,8776433393,2023-03-25T17:59:19Z,2023-03-25T13:59:19Z,(GMT-05:00) America/New_York,-14400.0,"[37.64473588205874, -83.71432648971677]","[37.64474040828645, -83.71427083387971]",3.208,9.295,348.8,259.0,9418803919,9418803919,90BCA432-7344-4119-B53E-0D3FE42ED264-activity.fit,2,a8776433393,qnwdFpm}}Nw@Ds@v@cA|Ac@d@eAdC_@d@Uf@a@tAOz@e@r@g@fBk@nAEBOKESOOCWUg@i@EKK?OYLOl@?J_AWIJ[EOFOGk@HSHEAI[_@Qe@FAUFa@Qa@]IGKSCGMI?OXGGSNMWGa@?PEKBKECED}@Ke@e@IZ?IOE?SGACSI@Aa@SIOaAMWSMC]MA@]QOEo@IE@YEKHU@WS]@GCGGC@GMB?WDIGIRa@Ds@O_@I?EMOq@@]M[@MV[Ga@DGGCHSKK@YOSD_@GEBMG?He@YU?GMQH@BGCQKMEUGADE?QOc@Ji@EE?]EKDIKUCU[IDMMIBOEQHC?YHe@LV?E]D@FYCIJOCGDEEC\EBEZ?VGL?DMF?Fa@HSZODEH[DDDAFNFt@L`@`@AHFJGVBVEL?`@J\AVHLOb@Gf@c@^KTc@Pc@^CJIBPn@Bd@Oh@WJECRGjADNTTLTCHHFl@An@GJ@RL^HAFLH?FPFb@KXAr@LT^JBLLBJOXRDN@ZP`@IF@BMPMGQo@K^OJAVIAATI@SKQJAGDHWLSWQ_@M?JU?a@H@GGKXD@EDFl@SLAJUAo@BEJG?WS?FGI?IB?EK@DCA@EP?BMDAKDOKQBGHIMK@CN?GI@JZe@PSTIBGOE@GGE@ANQEjBBPp@HJEBrCbAkASzALDr@FE@LNJAJNGPSFM^Jj@OR\DABICGZMAGNC^LDI`@?f@NFKLAFRFDTEBDR@FM^EZj@DCFHNIAFDH@RVd@NJCf@KP[PEJm@`@ARTPHAZr@PHjAEr@FDLp@G~@`@LG\BJM`@FZE@GNH^IHB@GZSH?VMDL^BAl@DBBr@Ex@GJa@Xa@@OKKPKGWLQAEBERQBUIc@R@L`AKd@TZGf@ZP@^XjAEj@Hh@c@FSFa@Gg@JWD?BGCWDSPIR?T@FJBZKh@DHMNEp@IXo@nACX_@`@WbBk@~@Kh@GvAaAhFQ\ARMZW^K?SXL^RH@FEd@I^O`@s@ZSQ?URs@HENi@HIDa@d@i@J[HCXcAh@cCT{AFqALm@AKl@q@NyAJUH]?QFAz@cBFe@X}@f@JVr@JGVJCQMOQCM[M@AGMIWCO[CBGKG{@GIA]Ow@Ee@@YIi@JSPcAnAgDLo@Z_AtAqCA[DC@KRINQ`AwA`@}@f@_@FQ`@Fb@M,2,4.482696038898,37.483333333333334,0.6247222222222222
2,Run back down from ems,1300.0,447,510,20.8,Run,8765747378,2023-03-23T19:44:17Z,2023-03-23T15:44:17Z,(GMT-05:00) America/New_York,-14400.0,"[37.646601693704724, -83.70658731088042]","[37.64469036832452, -83.71371092274785]",2.908,5.148,368.4,269.4,9407500297,9407500297,130063EC-E82A-47DC-BA65-FFE14127BF35-activity.fit,0,a8765747378,gzwdFd}{}NS[]IYUQGEIUEQQMG?GECQI_@CIECCE@CHDZED@NKVIj@BHAFBF?d@BdAX|BNrDDPNxC?tCDdAAHFZ?TGTGJ@t@BFAJXVBf@GTFP?VJD@FF?DDCRGRc@l@HVEDI@CJHTHj@BF?HLZD@HPLFJJFN@CBB?CAA\^HAVFBDJK?LD@BID@BJHFDNHHJMD@AKBEH@?B@SDB?AJA?GFCB?@GH?DEB@DFNBFGAA@AA@@SF@HLJADPNLH?FKNHHADFD??BHO@QHYXAV[FEDBAFAE?@AA@@DC?C@C?BCEBAFHP?Fh@,2,0.807782547,7.45,0.12416666666666666
2,Lode Sprint for EMS,588.9,174,174,22.2,Run,8765697866,2023-03-23T19:02:00Z,2023-03-23T15:02:00Z,(GMT-05:00) America/New_York,-14400.0,"[37.64511834830046, -83.71360623277724]","[37.646131217479706, -83.70946657843888]",3.385,6.958,290.8,271.2,9407448121,9407448121,38D96106-8142-4AB1-BC04-A420E51B4112-activity.fit,0,a8765697866,}pwdF`i}}NGKR`@?DKSBIP[V{@?i@DUD]Lg@Da@AEBG?KBEFY?SLO@MJU@GAGEGG?AYMMO@KSSMK@?a@MAEI?QCGEA@c@QGG@WECYIIM?MSCUCGKKG?GKEQIGGAAGE?Ig@@e@Oa@QEQL?PLDCCBD,2,0.365925493791,2.9,0.04833333333333333
2,PMRP run before work,7401.7,2265,2359,257.2,Run,8697978353,2023-03-11T17:52:25Z,2023-03-11T12:52:25Z,(GMT-05:00) America/New_York,-18000.0,"[37.64462046325207, -83.7142866756767]","[37.64482665807009, -83.71375140734017]",3.268,12.195,344.1,259.0,9336054211,9336054211,58AA34F2-FBC7-4A0B-8B90-B101E38D0137-activity.fit,4,a8697978353,{mwdFhm}}NgALSVc@Le@h@i@~@c@^?JMJYv@y@`AERDPa@v@i@pBYb@@Ne@bAQp@\kAMMm@NUIKJoABOJ_ADQGg@Tg@IYl@CIq@e@OEMJEIAe@i@@UYELEMQE?I_@EGM_@WQIKFMMMDWS?GO?IIAS[IDOA]w@CMJKk@WYCQMGAQMICQFCK@BGGq@G?BUI?@JG_@MAJKF]K[GBGq@?KICCOAWXSF]CUBCGSMKCOMKABIaAGHFMFg@A_@JQKy@GOAy@IGRi@K]@F@I]m@IGGBKSOBOo@K@Vq@DFFOIOHSG@JCHOIJLGQUIg@KCVO@FQCPOEIFHJEGECDIIk@mBOO@h@EIOIs@^Ol@Wl@KIUBMP@FIAGLSIGBG`@IDGKFREBd@FHVNFDACNLCNLH?RJ@NIl@?`@NHBXE~@_@d@ANa@f@e@RKLAPIFBj@Oh@En@BT\ACGF@C@DFFCJPd@Xb@HL`AD@GBC\FNEJXLLC@v@IV@\BRNNTt@L@FRTAPHJELZHBEL[KML@Xe@f@DBOJBFG?MY[@KIK@BFKLGWSEKYCJMRGl@{@Xa@[Bi@BFGMKDHFc@PD?K`@k@qAVXMEF@OLAIDVIAIPDAGCMh@DIADOPI^c@MAOI@EJAIABlCn@QoA}@ZJz@P_A?NENNz@Ad@V?ANJCIXDEFFVm@?RFCCMD^FFDMGE`@G^D?@d@_@^BD\JLDEAEFHEMDD?UZDNMPBFKFPGFRFHPTMLFv@YPQ?GVGPXJ@@EFH^BFHV@RUPAV@l@P@HZLJ`@JNNCFXGb@]T[?STM^BRPFGXV\LJTFBLXADFHGXBBIDF`@CJJNA`@F@Fd@LADj@FTOvBAd@YNEdAKL|AEd@Wb@KHWGOLGE[D[LGCeAZ?FWBAJHPCDbA`@RA~BZlBM\DTMNYHq@?WN[Hm@TGTj@S`@K`Ag@lAo@`AGh@i@h@MnADLObAGB@p@Or@_@xCOt@_@j@GXURIV?PC@DPAh@Oj@E?EXe@NCDHJAGNMPs@JEBg@Pc@`@OTm@D]NS?a@z@aF\iDPQDWRWVy@FDBGJi@NUAU`@w@JaAHYRIBHF?PRj@HQDCCFCEIi@OK[[KCm@Oe@KGIqA[iA`@mBd@_Bb@s@@Ux@mChBqDFi@Rc@jAeBr@i@PUAGXADQCy@DA?[,2,4.599203137023,37.75,0.6291666666666667
2,PMRP evening run,7476.2,2305,2388,240.1,Run,8660873889,2023-03-04T22:32:43Z,2023-03-04T17:32:43Z,(GMT-05:00) America/New_York,-18000.0,"[37.64516654424369, -83.71462957933545]","[37.64469154179096, -83.7142745219171]",3.243,11.062,340.8,259.0,9297055550,9297055550,A5F7F262-79B3-406C-B7BF-A9BADEEC41C0-activity.fit,4,a8660873889,gqwdFlo}}Nc@V@HQWi@ECLMBK^YZ@LMHMt@IDA\M^[@ARMVBNKJ?ZCJKIAj@]rAM`@OJBLs@~Ai@tB_@J]EWYoBmAI?c@[_@ESBKJI?IIULI_@c@KORO??HHO?]EGaBe@GKOD[c@CH?ISAMDm@Ym@]EGDQOKQi@i@JIDBYGo@D_@EEI?ASOM?OYOE]MEFEGGINDDNwAIK?WIEDU?KGCDQMB@SI?BIISF?F]GU?a@K_@GBCk@I@AKHSVoAQEEa@Ak@Ks@Fo@IO@[IM?QKMEFQ[Be@G??QKKHUIa@Fu@G[BOEBCMK?Ia@GDKKAFBCSu@NMGMDGc@NII@IKC_@VGGGZE@HDON@DE\]^a@PEI@DG?IPQQEHDPKNFEGBLJDb@JIID?HPNAEH@MDZC?Hh@LBLGDFFAd@IZZVGf@@j@MTYBGZm@NM\MBIEEv@MHRFIJHREAGT@RAh@GTDJEEj@CHLf@BDDGL@HPLLATLFd@MFGh@B??FH?BZd@JLTId@A|@GDJ@Rd@N@`@NLTBEJb@PELPYEMFERa@VDNICKJWS[G@IEFEWk@c@FHOJFD@PLDYEO@LFCGIV?ICXq@TDFCTi@?IMNWGACSFw@JNAZUQWN}@INNQDCEJJCDFFQGAFPN@IK?BLc@@FKUMJFMLZR?F_@BCJ?WGEBKMLIIl@`ApAhA?G@^BEVl@H?KLBIE@JCHWNHX?@Hf@SF?RBb@t@P?AITGMHLc@j@\`@@n@UXu@JCL?VTTAZPl@CDFXYjATn@lBL@BVQZo@LUVGEMTYHCv@R\t@Lf@ONHPEN@f@ZTMr@BDKFX`@Az@b@\Md@HbBS^Yh@KVJLZQhAFVIZSLm@COLc@M_@PO?OTMBGROMMTh@d@jAJbBp@jAI\D~@g@Fo@^iAFs@IDDZLHCJVRSl@?Xq@pAm@b@MXAb@Ux@Wl@AXQj@YJKXCj@BTGLBHG?E\MVE~@Dd@PLGVWZM|@MFUCQNATFXPJ@\INc@@HVOPWHG`@JDRAPMAQNY@[FBFO@QLm@VSNy@Vg@bA{FLuAv@wAHs@COPg@b@e@D[EWr@uANu@P[HTCTLTdADIFU[IHOGGMEs@GQMAKOI@EMEeAO?MeAU{@NSD[OWVmA\gAl@kAPaAZ}@nByDCIf@g@?IpByCh@SP@NO,2,4.645495290678,38.416666666666664,0.6402777777777777
2,Natural Bridge midday run,3812.9,1515,1568,146.0,Run,8654073455,2023-03-03T18:09:11Z,2023-03-03T13:09:11Z,(GMT-05:00) America/New_York,-18000.0,"[37.777872774749994, -83.67992456071079]","[37.7779726870358, -83.6798788793385]",2.517,8.235,400.0,263.0,9289498285,9289498285,AB5C4760-F5C2-4503-A091-608ED77021F1-activity.fit,0,a8654073455,unqeFpvv}NEDLd@@PFF@FB@HLJ^BAd@d@d@XzAh@RBVERQTMFKPIPQRE@E?RERCBGBC_@o@f@?BDHTNJ@BFAj@Hh@LNFLNBFANPDG@LBADD@HRN^@L`@FBFCDHJJFPH@NHF?NHFND@BFFBFHAFHDHPBLFDDCBB@A@XG`@@ADl@GJGPDHJBBF@OE`@?PFN@A@LJDBFFACAFF?TZDBC?FI@AFLTBZFB?ACH?FABCCAD?LG^AEAF@CAODSDB@CPLDL@CL@VCNDHIJBBEYc@G??EDLB?BDH^CDEBA`@QJ?H?SBZ@?HFC?BNCA@?EBB?CEFML@NEI@?CZKJKD?FCRD?GDGEARKFA@IF?C??FEGIHHTGT?G@LED?JKH@?ADB@A@@JDAEEPQCGFUHQ?HFOAHBOEGFEEH?EBEJ@BMDC?B?CGCCIDKINKb@EDOj@ILYz@CDULGNMJMFK@KEG?MCCGGEGBIAO@KCEIKDMPSG?AGBCFEl@GJSRAH[BINQCKGEOEEm@KUUC?CDC@YKQYGE[GGAABEAGOA?QJE?EBOIKQCUKQ@_@KO?GCGECDSNOBKAGHEHQPQMS?I@C@_@JE?I?IEML?CCHAPFGGBE@WECKAOBCHE@KCCB@DC@@BG@CF??M\GHId@@HENA`@K`@?NNHEDF?CFG@SIKCIKE?GBK?CII@EFOAKGIAQBGFQGOASKOAQIEGCAMBIPEA?BACE?B@^QCBGII?JCDOHI@IBNOD@EAD@ECADDDEBBDCD@IYFA@BBOVGDEFPBCDH@LTLBTDHEBBFC@@BR?\DBBP_@P?[EEIa@OH@@HEQBES_@FEHD?GXWTIBCGGALBFCOC?GMHPFF?MKSe@[S_@RUBMRMXPLAFGEUOGAS[c@ISECBICGAWPMD?CIBECKBK@G@AB?ZUD@BGIKHw@EAGMMMDGGGAGC@ACZBf@VHNF?FPLF@FPCL@DCFKNEFQDAFC?CAe@@ECM@EWSIAEU?BCCBe@IC@ELQB@C?BECCBGTKLBDKLIEMKMIEMAIDKCQJENMDI@ORITI@OGIHECISEECMGAULIBK?GEE@_@YaA_AYm@Ii@M],2,2.369226210351,25.25,0.42083333333333334
2,PMRP Run,7088.9,2484,2526,233.5,Run,8649852094,2023-03-02T21:14:21Z,2023-03-02T16:14:21Z,(GMT-05:00) America/New_York,-18000.0,"[37.644720710814, -83.71435289271176]","[37.64479447156191, -83.71417712420225]",2.854,7.196,333.6,259.0,9285080301,9285080301,CFBFCF77-BCF4-4079-95B5-5320FEDFBCC8-activity.fit,2,a8649852094,onwdFvm}}Nc@AODDBQFCEFJWB}@`Ak@`AOLMD?JY^Ib@]|@w@|Ac@~AC`@QNq@lBa@n@WdAWCUSKWWS[EKQYNWK_@JQMs@LY@_@Qa@XMk@OD]IMMJQEG[BCNQUG@MS?OQAY[MDAGIHQg@qAMQBOKEMEHIg@GEOg@SB?FEGKc@Co@KQOCOw@?IOGC_@QSBGGSFOIORa@UQMYBs@DFBEEHFi@CE@WIUA[KM?EM@K_@@w@Ka@XgADCE[CBGg@?]IO@SGi@OM@KM[Cg@EDCQMBF{@E]BW@FJQG][_@Em@CDMMGk@@FMBI[QUDNAFG?IQC@?DIAQJ?PSz@m@TM?[f@IBQI?LCK`@^PCPX?Fh@JPXA^O^FHLnAUn@Kn@ULIN@FUDCNUDe@b@QIBNNJDp@QdAHFPIHDAIN@X\d@JXVDVD@ANDDM^@HFHNX@PTLJZMt@@ZRRL`@d@JVTJ\NNAPOFu@AW`@CAW\CACDK_@UOKAAFM@KWE?KD?NEAAJk@LCIJ^_@L@FMEMMKA@HCI@M@DC]@TH@KWO@OI?HEICTKHE?DJGJGMDACTIGALKIGBENYNCH@G_@JGFHHK@BFRMR[NAHJR@pB|D_@N[QL@JMSALS@WDC@JJFX@CIHCT@RFJGBBRQ@QLR@CFTDILTNILLAINQVK\NJCFXHKEEPALHFKTDCU^G@GhAPPNp@?ZOh@VTDv@hAFTKd@U^[Jq@h@D^^X@GPF`@ZFQN?^ZRCX@LFDE`@JV?p@PHLAMVJZAFGVD\IRJJCBKZ@v@c@PBNGVd@@z@GTEv@IPQJU@e@N_@G_@F_@TYA]FGFKAACJFn@CZHLLdA@XPHPl@Nj@Id@@d@Ir@_@FKBYCW@]Hk@A_@RDf@n@AN@G?`@CTMR@LQTAHa@|@Y\EVOJM|@@`@G\[d@Un@?VEF@h@OdA}@rE[l@GXQRWDC\XRH^OZAb@INGBAJ[Jg@@?W`@_@TiAN_@C[VYNCDOPON[D]HKB[Pe@b@mCPcBAa@FUl@_A^uBx@wAZgAJ}@AIDG\PPr@b@JHN?KE?ES_@Oi@g@OEKc@QYCm@c@yBAc@Di@\aBfAoCd@iB|@sB@OJ_@ROn@wA^k@lBaCv@??QGG,2,4.404838228791,41.4,0.69
2,PMRP Run,5032.3,1885,1969,188.4,Run,8632830532,2023-02-27T20:26:12Z,2023-02-27T15:26:12Z,(GMT-05:00) America/New_York,-18000.0,"[37.64501005411148, -83.7144787888974]","[37.6451073680073, -83.71440385468304]",2.67,7.138,333.8,259.9,9267290894,9267290894,C140BB02-659E-4CE5-AE62-5D6B1180301B-activity.fit,0,a8632830532,ipwdFnn}}Ng@F?LKFyA~BKDAFW\KXONEHMDILAFI@EDIBKJEJL\c@|@AF_@rA?F_@r@Wn@g@nB@BGRATOP[?WKw@g@U[GOOOO?QIM@OOE@ONCIGC]Lo@[k@HGFGAEEGQECAOc@AISKCCIQACMMOE@EOMFES@GOEIEAEKAQBKIWFUMEBDQIHEN@FED@GIMKIASKEK?ADMCGWGECMQSGMMIQWCIECEUIICIGWGCDICIBUC?AEIKA_@Ja@?IMi@KEIQCC?GEI@BBEEE?QEQFM?GCI?[EGF[?GECDUC?ASECEQ@ACEAO@ICWCE?WBEIOC_@GM?UBGBo@FUCMBIAGKc@GE?Gc@q@ECCIBECOCADOCKGI?KIIAIAOB[CWB?Fm@AGEIAYEGBCCK@AAY@ME@AGIDMGAGI?CGM?MRANSZMFSRG?KXGBOAa@JM@BB@LDFEFAFBHBCJABFF?F@d@n@AJBDANJ^?VHHAL@LERBLATD^K^WRIBY^G?CD_@JCDGFCLDRCRDTCDIFEXAEAFDNHBf@b@J?NLPPHRFBLPA@AHDDEPHPDZDDF?FVDDANFLDBAZAH?VBVVXAJFB@HLBDNVLHFF\FNCDACEHSJ@LCPCBYNGCILQC]HIHG?EM@AOOAEABCCAGKCGFKDIVCXWN[GOK?BE@EEE??CG@DKB@SEKD@?SOIME??LI?FBATMJELEACFKBDIEA?HFHCD@FEPA@D?@CAD@?LIDUCFMBCDEIOODQCGGBXf@@CQCDHEEBHEd@FBHLHBBDCDFE?FFLL@HJDXBE@HAPFDDONKF@BJBGNAV]VOD?HRLNFAHD^GNIP@BAB@A@DARLFAHJDCJB^@h@]j@ID?NHJGJ@FHHG\Cn@DTGHBJEHDHA@@BNFBPTD`@CP?DD@BDANBZBLB??HGNKFGb@CDF@@HHDADD?FHDATXD?HHPA@DNJNARLTELGHJXD@F@?@EBANBFIB@VK@G\OFGBKLIVGLFFCBB?HJHLZFZCRB@?NBFFh@Zr@BNEXGLUPIN?FKDGIU?@BAA?FPC@BXLDJf@@VLBDVBf@DhAE@EPALIFADBDED?DSBAH[ACFI@WBGBG\MHODBEFAJXAJEDDJ@BEJFJXG`@HPB@DEGB?EM?BC?CC?KYGAGMC??SMMKSCI@ECCCUM[BGECGW@SEGDUEK@EE_@BCDYFGB[DWFMBSn@}BVw@JQZy@Lg@Vi@Vu@Zm@BUXMHM?GNOJSX[r@gAPQD?JK?SCEDQ,2,3.126926239437,31.416666666666668,0.5236111111111111
2,PMRP past driveby parking,8381.3,3230,3258,250.1,Run,8627995854,2023-02-26T19:55:35Z,2023-02-26T14:55:35Z,(GMT-05:00) America/New_York,-18000.0,"[37.64489178545773, -83.71436420828104]","[37.644765470176935, -83.71423579752445]",2.595,12.92,338.5,240.1,9262206917,9262206917,763A6423-2076-4922-9F2F-218851753553-activity.fit,0,a8627995854,qowdFxm}}Nq@Lw@t@q@tA_@VQb@_@h@Op@e@h@ARYj@Mh@QFEVJh@WVAXY^WX@PYf@KMKRCIYCB_@i@@_@ICHOBOICMSp@MAYNKGCH[DICCQ{@R_@IO??FMc@KCOLc@AAa@FAMWELGCq@q@_@USEW_@y@D]MIBMYIC[i@@OGQ_@GMOFa@OKCOU]ScAUa@Eg@KMP_@[{@D]ESG?L[Bi@GYICGe@WUDa@EWJmAIQFk@EMMu@@y@WS?UOu@@EE]IGBg@IUDa@EYB[Yc@UUA_@[]AQO@CNk@?Ct@WRAIIPYRQVg@JITJVXH\BLF?JPFFXKt@?ZP^Bh@Il@Sb@KFc@d@O@Q^YPC^FNAl@GFEh@ZRPCv@RHNJBHd@JPC|@r@jAOx@Hp@\\z@d@`@|@GFa@[@FWBO\?TQPQEKYe@EKG@KU?[Tg@JOf@GOMFOGGYBDBIMEFBCD@GSHSIYZCLOAGLSCU`@_@PIABIEFA\OHM\JN@n@tA[TPPA^TAcALPRUIH@KINDAeBf@F@Z`@NCDHh@Db@U`@B\SZHLV|@]HDZMHNt@BPOv@?XSTRTCVPb@HPQ`@GjAt@h@rACZMT]LSAY\AXX\LVN@LV`@P?DzAMJH|@B^X\HzAWnAC`@YDDRUNAVNHn@Dv@QfAYP}@EsC`@ITFJHGlBVj@R`@ZZFhCKZWRa@?iA\mAP@Nx@j@V?b@FLFTl@A?KCOUUg@Y?QUGQPBREf@[XGb@u@rAWv@If@?f@GXOVOFCZIHGdAWhAM~AQz@a@tASJ@HOTe@d@Cf@gAdDF`AdAlEM`AEvA}@lAGl@@R^tAATN\BR?TUd@@LEBBDMb@N`@HrA?TKZBXILIj@K|@Ad@BVRb@FE@s@J]ZKf@JZILITc@Ud@OLQBe@QUH[d@?n@GDMG@SKi@P{@CS^}@HiAGs@IIFGYeALc@@F?YPK?[C_@MG?s@YoA@_@GGjAiC?cANk@Aa@a@}@UwASq@Gu@JI\Jj@a@Xa@Ja@?u@e@OESFOl@U^iAj@eCl@qFf@m@No@DcAfBcEFy@MmAg@iCOwA`@uBVw@n@qACCd@_B~@gBl@cBj@u@hAsBp@g@FQt@GHKAI,2,5.207898354747,53.833333333333336,0.8972222222222223
2,PMRP run,5272.1,2197,2242,183.2,Run,8616251867,2023-02-24T20:26:50Z,2023-02-24T15:26:50Z,(GMT-05:00) America/New_York,-18000.0,"[37.6450090482831, -83.71432967483997]","[37.644734708592296, -83.71419606730342]",2.4,8.312,335.8,259.9,9249780026,9249780026,4DC64452-15FB-469D-849E-FBC07C41FDFF-activity.fit,0,a8616251867,gpwdFpm}}NEHWPSVSNIREPQ\GTk@n@m@jAQd@SRITe@|@g@nBOV@HIH[j@S|@IPIFCCM@QEOUAGa@@G?EGMAKLE?YKE@GIK@@LAPEHCBICYBODMIE@ACK?GFIEUDCE]BKDMIQ@EIESEEe@HMCAC@INWAGGKc@NGQKCGKGAAEM@_@M][EIWC[@_@KKIABMMCKMMEKGECIE?GW?QQAG@ISIAAO@IDCAQ][M_@A[OWAIQQES@KAEGCAIFOJI@GAKC@CGAOIM@UIUEC@MAG?KCGBUHGBSIa@Ue@@CGOCIECGS?SH[AIBGB[HWCK@OIW@WII?GGK?_@Bs@KAEEKa@C[@QKSKUAQBCEO@KEK@c@BIGQ@GQSIA@EEM?QKMB??CEMQWACFKIGEFMBIF?GCAABKIQJAL@\GDCHSNIBILIHy@\CFMBBPF@DHP@PJR?DPNHP@BFDRCF@FMh@D\DDBF@l@CN@HALC@APKVAJGBELKAIFE@SRSFc@l@I??HHRABD@@F?Z?JDDAFIRBBEDARHFL@HCDDd@BFHRFTN?HHN@^BJIf@NTDJJFBLHFFVANBFIVARH^LJ\`@FAFFLBFFDADZRVDVG?KKMAEGKDK?GHCA@FOLC^EDADG@QKGWIG?CE@@C[FECGKSC@DCDCGQDCJ@DCBGAGJ?HD??DYDCVE@MGMQCFAi@KH@GCCFAE??C@A?BGACHKFCACKCAQJGPGBHNQIC@AHC??B@ACAEFECE?AC@DGD@FKAMD?FKAKGAFDPDHAKKFMJ?JJR@FALDDLCFGVB?NHOATDABFLDFPCOBDAG?BAGECCTJ?ADQB?BDB?IRG?D@AJF?JD@ADLDFF@DD@JEHQ\ENKNBVANBHHDJNFNKD@DKNO\APEF?RRH?BFL@TSL@HEL@HEDKN@BC@Cj@Lj@XX?h@U\FFJXJDLD?N^RVVv@ENSRAFYDSRMDSZBPNTN@BHNPZBFBHLFBhAMv@Bv@THJ`@FBDz@UJDp@ERBPERMR?X]XFJJDH@VDJAFBBAPBFAH@RCH?`@KRYTMCc@BGCOFMCQBGAULQBIFq@HI?CB?HLHLGBD^FNAd@HJAr@Vb@XTF`@GtACFGF?LIRWDUDI@SCQBYNc@?KHO@MDEBSG]Gi@Qi@Am@CIC]ZqBl@uAR_@Nk@CGd@oAb@{@FUVc@HUDGJa@Te@\k@LKPUd@_Af@i@b@a@l@CNMEG,2,3.2759310507990005,36.61666666666667,0.6102777777777778
2,PMRP Run,6547.2,2739,2753,177.3,Run,8611260707,2023-02-23T19:33:36Z,2023-02-23T14:33:36Z,(GMT-05:00) America/New_York,-18000.0,"[37.64498859643936, -83.71437644585967]","[37.64478265307844, -83.71417536400259]",2.39,13.246,328.4,259.0,9244518576,9244518576,ABDFE63C-4A9A-4D75-82D8-6B5F25D13114-activity.fit,0,a8611260707,cpwdFzm}}NSHo@f@S\GXILKZSTGPORE@CL_@j@ANENg@p@GTOTCPMTU|@Gd@KJi@lA[`AINKEQ@_@Y[AOKo@DWKKHAZSJOBw@G_@F[EOBGESCCDIAGEEYGCOAMFSECMD_@EIE?CJEBYOYYa@C]KM[GCGAABQGQBk@USCCKKEISSYCa@SEQSGA@YCSMMIUMOEMEC?SECWk@Ae@GE?IEEDOLMIa@C?A[GIEo@CEFSAIFMEIBQCUM[IGSgAH_A?{@BIYyABIG]FQKGMc@CS?OSq@@KEIAa@FKAIECDm@CYICMc@OQCK@IWYIYED@HC@ITEOOEMBCB@HATSZCLUFWZSLMBUT?HLFZAJB@DP@JDX\?h@Kf@@LNZBTCR@HYpA]^[RCFSJi@p@NP@PCL?XINEh@HDZKPB`@PVNV\@J@f@CLAb@PVXTLV@VANEPGF?LDT^d@TLVDRPHXFLDBDRGHK@KKK?EEADOBIRMLAHUTMCGGCOOGCEK@GFOKE@ACADEEKNI@EHI@?JK?B??Fg@^]IOi@@Q@CABD?G@@G?HKNI@?CU?OLENCC@K@DCAAJKPAC@HEAGLEMCVGCAD?DB?G?MMEFIBFB@PQF^LLJCPDJb@DLXD?DHJFx@{AGa@FP?S@JEDHXB?DPIH]?EC_B`@D?ACBBMDAFFKHBDENAJTLHJ@NNj@WJEXBXMXBDCP\J@TW\G\?`@PNGFBLGVBJANGVQH?b@Dt@Vx@QN?b@\NHH?Zh@DB?FNXJh@I\UXG@GJ[HSXAHLRDBDHLDLJVDLHR@hAGx@NP?b@Rj@Pl@Q^D\Ad@Gd@Of@WXDP~@@l@Cx@CJMRMFS?IF]B_@?iA\k@DKBEDBJLElBHjA\RNZBPEHBt@ETDZQV]D[AOBI?g@DET}@HEFHLb@?TFV?l@Wl@Wr@EVQ\?FGFM\KJEj@Kp@S\QLMTGX?x@CX]lBEd@S~@O\YhAc@l@MHGNDNXHJP@JEZYl@WZa@PM?IQX_Ab@yBp@e@JOLg@?GDEDSDEDe@Ny@ZuB@UDWBe@ASDULS@IXYNUDQ?{@DIBQPa@l@w@BOHONg@LQDYCi@GEUiAC_@EM?UO_@Ii@GeA`@kBr@cBFWNU?QHQ@WTq@JMDQNQDOR_@FUT]X{@Xe@HEPWPa@LORe@b@c@@Gb@]VC\@HKCIIEB@,2,4.068241455168,45.65,0.7608333333333334
2,"Afternoon run with Josh, whites branch overlook",5304.7,2187,2507,180.3,Run,8601141195,2023-02-21T21:50:01Z,2023-02-21T16:50:01Z,(GMT-05:00) America/New_York,-18000.0,"[37.74299751967192, -83.68844987824559]","[37.74291277863085, -83.68745997548103]",2.426,5.339,415.2,343.4,9233867104,9233867104,B4973527-2F59-45A6-9AD0-B454B4237BF9-activity.fit,0,a8601141195,utjeFxkx}NGBEHAAG\Ad@@NPn@Fh@CGGRCRE@MNCCCJ@@OFKJG@YRMJ_@VADAVILmA~Aw@pAMv@?PCD?H@PITCDId@IN?\CHMJG@EE?HE@ECSFOJELGCI?YFGNMFENG@y@z@IFYDKEODa@EkAw@OQg@UOCIDI?MHKAKHI?g@VIJGRCBIb@EHIf@CD[~GKd@AL@NM~@Cb@Qx@KPCZSRUBOJYHCLEB{AVaBJIBIFG?YJi@RYb@C@CHMDAFWp@W|@C\?f@Ef@Db@Jj@DDRb@HZ@THHBHT`B@l@GREr@O`@QLMDAFECQDEHG@O@sBFw@GeAUgAMG@@AQDKEMBSCQ?I@MAIB[TKBKLE@g@DQCKDsAJWF[BD@FAD@F?C@?CA?XCE@ED?EQ@F?G@K`@AzAEdAG\@DAp@?\Dd@ANH\?d@LR@JhBhEBCEMA?@QEKIw@FUEAA[BeAEQ@]Ca@@QEo@?u@KaA@QL?RVH?VVF?NLBFJH@DRJH?N\TV?BXLLTCABE@BmDsC[a@GCMQGYBM?ICEBOAIDMCEMIC@OAI@a@IKBQEAG@EH?VMJ?FB|BSp@EDOREZYN?NEDCF?@EL@DF@??D^?NAd@FHA|Bd@p@@x@Ef@@REZ@DGf@OFIPsAEe@DEEUBIAMEa@Ei@Os@OQGSQ_@AMOSE_@@E?c@BKGMAIJo@FGr@yBDCNYPQFCD@DA^OLKF?NG`@AzAIjAUTMNCHHFAFSCQBIFIDAFGLc@DID?@Ed@gDCk@HOJsDAOFWBw@He@HI@]DCBKRUz@k@BI`@GLDHHJDNP\@NT|@n@\N^DHERSBI\Yh@m@LUXGDGPAPOH?JEXONQ@_@L[FCBG@SAMBOCIBECQJe@RWJSFEJOh@y@x@cAHQLGPS\On@a@LELIFO?i@Io@EEAG@GEUCYGGAw@FMAGF[L]FCBERaABm@CO,2,3.296187751593,36.45,0.6075
2,Hansons point run/walk/snow,7979.3,4243,4603,167.9,Run,8489474084,2023-02-01T18:42:44Z,2023-02-01T13:42:44Z,(GMT-05:00) America/New_York,-18000.0,"[37.8078974224627, -83.65707105025649]","[37.807353269308805, -83.65593739785254]",1.881,4.164,390.8,346.5,9110686284,9110686284,6637530B-7C05-40EE-865A-BFAD27F66A88-activity.fit,0,a8489474084,ijweFvgr}NhBoEc@w@IGY{@BDAOBFBOCc@GQA]Qw@?YGi@@YOq@?YRaBJ[J}@`@iB?i@FYKiCZiB@m@_@gAQKq@_Aa@YKQC]DSKa@Am@GWg@}@a@]Ug@IcAA{AQcAo@iAw@u@}@mA_@s@cAaAGOQcABw@Ni@N}@LUx@w@H?HMF?^YJF~ARnAG\K`@a@NY`AiChAwAHUDi@EMCk@IOKo@@[I[?{@O_AOY_@YMSk@c@]O_@Ce@F[CQFg@Ae@Ns@EUFQRWFc@K][[e@[w@@[Ke@Ca@H_@BsACm@NkBSqASc@Su@?e@HY@@E[o@JUASPo@VUC]XER[Hc@^YHWG_@HQSWA[SM?MYe@QSRU@QLKAKT]Dm@Cy@@c@JSMI_@HS?WFMG]@wASeAMQOI}@?e@QSMe@u@GYIKGi@QSBOMYEQ@EGMDMC]Ug@BQ_@y@BQCQBUI_@Jw@KSBUSWGYD@_@Dc@YOQCYc@}@EU?YJQ?MX[A[EEPEJW@c@FQB_@Z_ABm@H[JIDSH{@DSCa@GG?OKIBi@GQBKCOFGEWBi@UaAGm@Rr@Fd@HLK^FRGVFh@Cj@Pp@Aj@G^KPW`BUn@Q~ASVAJJZSHIXKDC\@VLt@Vf@FXXb@`@DHTPP@TFL@XE`@H^C~@NX@RJHEL@JZ^C^B^CNJHFb@NH@d@P`@LPVl@TZFA|@Zl@ADNLF?JLX?RCp@FbAGZ?JNx@^FHGRH^Ej@BJGV?LOPFLMRCRUf@NHNV@ZRJ?LRD@NCXJdBq@FS\Sj@Kn@[TU\EFGNDIb@@h@V`AR^Jt@QfBDrBGpAFlADVHHLb@Vf@p@r@TBf@Y~@AZGh@@~@U~@?nAl@ZTRTPp@JhAC\B\TnAPb@Ap@e@nAo@j@CXk@hAYv@_@`@GN{@NiC[{@Vu@l@m@r@_@hACj@Dt@VdAHJH??HNRVNvAjBPh@RPPHBFRFj@z@Dn@BxBJp@HTn@z@Rd@XRArADNGZBPTb@VPNVTFLRA@D?ALXDDELNJlACz@S`AATFhACl@Bj@GL@PQ^APBFEF@HONBDEN@FUnABPKVA\OTHTA^DNCh@Ld@EJFF?FTh@@j@Fn@A\b@dA^b@DA,2,4.958107136367,70.71666666666667,1.178611111111111
2,Run with Josh,3169.1,1485,1584,81.0,Run,8441176813,2023-01-23T22:24:52Z,2023-01-23T17:24:52Z,(GMT-05:00) America/New_York,-18000.0,"[37.64719722792506, -83.71781612746418]","[37.647026404738426, -83.71914206072688]",2.134,3.732,308.0,259.9,9056111310,9056111310,10754E65-B8CC-46C7-83F8-7F792D86FCFA-activity.fit,0,a8441176813,}}wdFjc~}NOA][OAO@YMGHE@g@C?LEHMFCFEBICYHKEIGEACDK@EAC@K?AEC?M?KHGAEBMEMBEBAKMMGCE@WIO?AA@MCEo@[EIEDEAGKAGMGAGGAGEUCMKIAEOEAIAECS@]ISIGKMDCEGDGGEUCIGC?[CEUQ?GMCCEC]Wa@?CCAKQ?IESMQWaA@IAK@?EA?C@W?KBGEK@EI]IMCm@EOHYCQBOIg@ECEISaAAYBUASFEBSD@EQAYEUCy@EYAWK]EE@ICMOMAG?QGSKy@BSEQA_@DG@E?KEEBIIGAEIs@OMEc@BCGBQ_@MBg@IGJ?F[j@YRABKDUZQJIP?Fr@ZTVF\CPBLAPJ^FbAIj@Ul@MPGBk@j@CAMROLAFCH@|@E\ARHBFHd@L\PRPJNBZFR?TJd@V`@HZ@ZE\Hr@VVF@XRDHLJ^r@FVD?JVTLH@FN@^@G?PDF\TH?@DB?`@ZTJ\\F@PPTd@X`@@HHJHBLPNj@C^GPSHYZEBCHANDTHPTZH@@ENRH@@ANFPENBBC`@HNAHDFCn@NJHNDD?LFFE^C`@B\EZ?TGTAd@Ul@ED@PTLb@?PA@BP@r@ENMRGHE@GFKDAAUDu@@WHSL[BSHIAOF?@BCLDP?THHHFA\@`@NRBH?JHd@N`@@l@AFBf@ITKRa@NkAF]FK?ODKAB@?F[@AAs@,2,1.969187438229,24.75,0.4125
2,Lode Sprint Warmup,2342.4,825,849,34.6,Run,8441005412,2023-01-23T21:54:18Z,2023-01-23T16:54:18Z,(GMT-05:00) America/New_York,-18000.0,"[37.64693470671773, -83.71752007864416]","[37.64696127735078, -83.71762493625283]",2.839,11.187,293.2,262.9,9055918764,9055918764,63C468B7-9D8B-48F3-93AA-5509ACCFC84B-activity.fit,0,a8441005412,i|wdFna~}NCBAFDCJ[AEFIXo@Ha@ZeAZu@p@eAX}@T_@Pm@X[N[TWd@u@XQHA@GRK\MJB@ADE@Q@q@Ee@K[AGIGEAGBGNK?AEBKJSDADI@WBGH}@DQFEH]B[H_@AE@QDC?GAML]@OEKL[?Wa@c@GAEEOY?KQQCQGEKQEAGMEAAEMGCSGKAIQEAGWMCIOAGGCACYOOE??KI?CG?KDMAYCI?OIK@CKECEGAe@LGHGK@KB@D\CLHLFVFG@@?M`@KCC@K\G@@{@Bm@Re@CHJCCMD?JFFAHH?EDCJ?NBFED?DEBBFKDG^HBBHEFE@?F@ACB?DDIBDDAJNGBCRDC@GLFH?@EA`@B?@BJDPELJDN?HDBF@?DBA@JHBFA\PFLHHDNNHHPj@t@BJTJJLHTBTObAYp@QJa@BMFYCGKADE??BNVDNFNPRDHHDDJD@@FF@@DJHDJLFHA@CPCLGFKBUJHLRFnADZCNCFE@GC[Hi@d@SVUh@QXs@x@kAbCW`@e@lA]rAYv@k@lACJ,2,1.455499875456,13.75,0.22916666666666666
2,Charmagne Oil Arch Run,4377.4,1695,2121,134.3,Run,8212187320,2022-12-05T21:18:10Z,2022-12-05T16:18:10Z,(GMT-05:00) America/New_York,-18000.0,"[37.660993840545416, -83.69700260460377]","[37.65997979789972, -83.69916287250817]",2.583,6.863,365.3,332.1,8798557646,8798557646,156DD01D-FC1C-494F-A175-0B8D5B6B10F8-activity.fit,0,a8212187320,etzdFhaz}N\[]fA?b@CPH`BJXDTf@r@ZTFATJx@FPJRBBB?NFDAZIR?LGDOb@QDMFKBW^SNM@CBK@QJOBi@@[FGAMLM@GA]BSAGBEAUBGCQBGCOBKAGDUAUFIAGEKT@DIFAD@PCP@\EP@HDH?HFLAFPd@@PFRFDJ^HLF`@X`AD^CN@RCNODEDCGBmA@KE[EIGW?UMYCOKGM[Ea@GQEa@GOASBe@AQ@MACBMAGICEDI@GCGBMCS@OCU?MDQVGFK@m@A{@VOLOZIXGFCNKPERE@?FOR@JEAGFBLBF?ZHXALJXVXZPLBPLVRXZP`@BTHHVv@Hf@@\DNAT?b@FNB`@ANENDTCTDdAE^Kd@OZSz@]\GNOJMVIFIHCNIBEXDH?HDPLPBHJHDJFBBFPPHPNP@p@CH?TOh@MTK`@At@EL@JG^KJQFEF?FWd@AJC@E\EJAPD^PZLh@LTF\NJD@RVPJDNFBDXLPFVHRD^?NEPDV?^EVDBCFAZBLCD?LHT?VTf@FNHPRJBJ@A]WG?Wi@KKIQAY@UCW?c@@GAOBSF@BEGOCIBGAG@MEK?KBIE]SQCQc@aAQEU]SII_@Ug@AKBGIKKe@BI@]BQACDSFK@GLMDMLM@EZY@C?mABEB[\eAJk@AMBKCKIUKK?KC?MKKQEAa@u@G_@?SJYFE?CJQLMR[VSXe@Ha@L[NmBGMDQ?ODGCEAQ@KCYAEFIEMAu@I[Eu@Qy@QUAIS[IUKG?Eg@a@[IUYSKIQG[C[@iAFWHQJ]Ra@LM@UXUHKXKZAPIH@BALDFCJDRONQVAPILHV@\EH@FEREBCXAFCXER@n@CT@REFDZ?PCXAPEBCz@Id@OLMLEJOTKFGNEBGROLW,2,2.719990247106,28.25,0.4708333333333333
2,Whites branch arch trail run,4180.1,1384,1473,56.4,Run,8062853814,2022-11-03T14:51:23Z,2022-11-03T10:51:23Z,(GMT-05:00) America/New_York,-14400.0,"[37.74292283691466, -83.6875666771084]","[37.74295988492668, -83.68762090802193]",3.02,5.254,414.8,384.8,8629822286,8629822286,949F76DA-A82E-498B-B58D-AE6ACBED1A21-activity.fit,1,a8062853814,gtjeFhfx}NAPIREX?f@Mx@GLAh@CFBFCP@FHFBTRp@?JBBC^O\Kf@EBE?ED_@Hk@\QFGJSRKPQ^KHMBENOVM?GXUZCPMHAHGPEBCVDRCN@h@MTOb@AJGPSNWB_@V]BQJsAzAW\MHYCc@QCGUMs@m@IAM@QC?ISY_@Ie@b@GAGDu@f@[x@AZCD?f@EV@JKb@BRElBAl@BLCD@DAHOz@Kz@ERIt@GNAHGPIJIBGP@NENMHOOs@NSFa@BGBEA_@JUAq@HOHs@RSLORSJINKJo@jBANMLCVDNA`@J|@L`@FDL\NLFRJr@CRRdBBZGd@GXAVQb@g@JIDUEQ?K@_@Ci@HSAk@C{AYe@Kk@EK@REBDRANBPLLCVBZHf@PV@vAG`@@XEV@LGN?POFU@]HYBa@Ac@EGA]Mo@@IFMGg@ECCSU][_A@IECEO@_@EQ@MCOB_@DABUHMXq@AGN[?KHG@IFKXWNIVG\SpAOT?PE^AlAUJGHCPJJK@]NIHMDUJOXeB@SLo@@QAk@@SBEDy@@e@Dm@@]BGAIBGAMDm@AKBm@AGDOR[XMBETKFITMJKREF@LDH?DDBRL?DHP@JBVVjAr@F?DDP?PCLGDQJGt@{@LSf@WL?^UPCHKHADEFQ@WJQ@OHEDK?iAJOAAH]RSBOXc@V[FO|@gAJSnAu@RIXUNSDg@Gm@Mg@@[IK@KCEBUEOBSFM@KHOLc@B[EGAIJk@,2,2.5973937113190004,23.066666666666666,0.3844444444444444
2,Choco parking -> Sore Heel loop counter clockwise -> Gallery amphitheater -> Curbside -> Drive-by Parking -> Choco Parking ,6564.3,2497,2585,220.6,Run,8023377719,2022-10-26T16:43:13Z,2022-10-26T12:43:13Z,(GMT-05:00) America/New_York,-14400.0,"[37.64499488286674, -83.71434886939824]","[37.64493905939162, -83.71428868733346]",2.629,9.564,339.9,259.0,8584958013,8584958013,E2FC7826-4459-432B-813F-6897EA9EE528-activity.fit,0,a8023377719,epwdFtm}}Ny@dAe@f@c@n@?DUPKTMH?Fa@v@G\KFGPSZq@|A@PSZ@NGD?PCLOJS^Qf@I^IJG@AF@A[GYSq@Ma@He@IKLITU?GDK?c@IOFYBGGWDi@ECAEQEAYEU@CKBOAIICWBKKAKICGMa@MU?GCUNCABEBUGK]Ma@Cq@UYi@QS?KEEAOYCCKMIAGFI@OOMQ_@Ke@?YUWAMIGGYCABIACBMFC@O_@oADUGODC@W@KCG@WGYECDOSKGK@WCC@GK[DIBUFE?]BOEWBSGA@IECCeAGUAQEE?OBGGAM[@WEQBKEC@SSOAUBMCC@ECGF[EEAKKAAY?JONNQAIDMCCBEAGa@s@Ec@CKSQ@OCGS@QLOGG@GFKp@EDIRG@EHG?ULGJQJ[JGHAVHJ`@FFHj@VP\A^O^BRTj@@RId@]|@WJUX_@T_@Z?HJp@CHBZCNKT?LJJd@Fr@RZVFRDB@f@ENAR@LJVTLR\A\GPKLALXn@JJLDDJr@XZj@BJEBWUQFQ\IBCPQRSEYc@OEI@MQMH?DE@QHGGEDCFML?VMLIIk@IEOG@CFE@AEGDHAFQJIUAa@NEDALIBOLFAFJMIEF?GEAML?F_@VCA@QCAEMKC?RCDC_@?DG@AZELFLDXFDHXz@n@EIHAOU^SBO?QBFQ@XWUJ@HH?CPO^QVJ?GJ@Hb@AAJDB@FEHDBFICABGEFf@@LCLK@DLCn@@XMZJBLBBN@TYXOb@?NNTF\C@EREJBHIHAHBVQH?FDBHr@D`@Bl@KNBLPF?JRJALJn@tA?XMTKJ[Ha@\G@GPHPNH@HND@Tj@ZR?FFVKp@KVLJAj@FXPFHP@LANFR?\IXANKP?DITDVCh@MLIVBJHJhAFXCJCh@GDETi@HOC{@FaBh@S?ABDHtADh@Xb@Hp@Zh@@rAE\ORYNs@?WRuALQF?BDFACJ@RFP@t@G^S^CP_@|@MPOb@KNETEH@FE@?XMt@[f@]`ABBAr@MdAQrA]vA@DCNEFMb@MVi@d@K\b@VDPGh@QVIVQRWLUBC_@B?LUViALSDe@JQj@c@Tq@Hc@HUHo@HONoALi@NwBz@mBB]N_ABAJg@x@mAJY?KJKFS?c@Iq@Ci@@ASQMkAM_@Ko@?s@ZaBZaAVa@Nc@LQ^aB~@eB`@sANOPa@PS@G`@e@`@}@Za@z@u@,2,4.078866902517,41.61666666666667,0.6936111111111111
2,PMRP Sore Heel Run,4262.2,1872,1971,133.1,Run,7957898757,2022-10-13T16:37:12Z,2022-10-13T12:37:12Z,(GMT-05:00) America/New_York,-14400.0,"[37.64715850353241, -83.71789089404047]","[37.647131429985166, -83.71791126206517]",2.277,6.52,332.2,259.9,8509905344,8509905344,EC4C88E9-AA1C-47A0-A779-149EE844BC50-activity.fit,0,a7957898757,uixdF`d~}NOCE]MOGJWEEEGBMM?QHGEKMFC?CKc@SQ?ECK?GCKGEKEEE@EEGKGCI@UIK?OOYIK@?OSSCM[]Aa@K?GBE??EQGFUAOIMOM[c@AGH_@CGYWAGQMAUGIC?@ECC?KNKHM?ECAAKGM@EGGDIGG?GCIDUAUDYFQBa@Yc@OK@KKWECAMEED[J[?a@@GFGB[EI@SIS@EIU@CKGE?J[CGICAUISEC@EFAAKGICI@MEODWEEAKKO?IGQMUAIP}@AKDOBC]O?ECCWE?OFICABEAIIKEC@?AA@AEG@IIK?EC?AHG?GJWAGEAHB?A@E@?FABCA@B?E?J@?A??VAB?LEBCHKBQNG?QJOZIDGCGJCCGDCN@DHDDJF@@CLGLH@D@CFHDB@AHHTLBRD?BFET?JGRCTFFF@?DD??D@fAI^Wh@SHUPKBKFE@EJCAIDGHGBWVC??DFPPRBRCZBZOf@?HNF\GH@BCRCD@FJRABFJDNPDH@l@ETDNCJGJFVJBDDD?@FD?BDD@@NAb@Mb@@H?TDJZJHHHBDJJBHHNDDDFEB@LX?HBF?LEFC?GGMEC?GG[LADKJ@HKLM^IGOCBGAKQO@GKA@CK@?CC@ACA@EEG?CKG?UZE?ECGDEJDB@JBEFLAD?A@@KLSIAHCBKBCA?EC@B?BFH??A@@BCF?T^GLQ?UP_@FSNGGILFLP?BBRADE?HD@FN@JF@BDBCF?LH?GF@@LFLF@RT@@BCD@BDC@HM?BBABMJGNCHB@C^ABCDBDJDDBA@DHDAENBNKFA@E@@A?TGD@PMHBLC@AB@@CJHJ@@BV?BBHGNBRKx@?\b@JH?BD???@BFFF?@FRTDJFJDt@Qf@WHUDKNI?OHCF@NFJNHBHNRH@LLH?`@RN?FBF?DER@BCF@PIHDf@FLBLCHDBAZTTHN?DID?PFHCFEBMHBR?FBNAD@TABCF?ZGVULCPGP@LF@L?HBf@AHBJCV@FEj@?ZADOJM@U?e@GU?o@LGASLMB?BE@O@CCC@CAYFGH@FF?PAJDHAb@DDAHBNCDBVDDFXH,2,2.648408286018,31.2,0.52
2,Pmrp run,6676.6,2707,2826,231.8,Run,7952654943,2022-10-12T15:25:40Z,2022-10-12T11:25:40Z,(GMT-05:00) America/New_York,-14400.0,"[37.644663378596306, -83.71371796354651]","[37.64479405246675, -83.71406673453748]",2.466,9.297,321.2,265.0,8503989566,8503989566,CF7F0D80-59F6-40B1-BB04-E5FF81D3AA40-activity.fit,4,a7952654943,sjwdFt`}}NJ@HGRi@HYj@WR[TGf@TDHJ?BEC]@c@FQX@FI@KTKT@LS`@DNO?`@Gn@K@SR@FC?ITMB?DULA^RLDLCSC?BGX@LGDQPSTc@\MXO^BFONIXBPGZLNMl@HPOl@?XZLXSANAASDAIGIJ@O_@_@DOM@HId@G@GJDTIL@@JFRECGi@GMDYD@I@JGJRVILKOUFFAKFAMlA_@H@JW_@SEXMG[@GECVk@FCBFEDH@@NIPOFBHGN?NXv@LNBP@EAGU\OS@FE@_BQKPUDGK@KHAOHRHxAGJPRMCJAEQ?EH?JI[KJD@AICHCCLLK?DO@T@OCIDDBGUCSDMIWPOGyBD]LUVSDQGa@NAHE@GRQPe@X_@?INE?LQFa@^m@f@mAEYDIG]DA@MH?CQHGHOQM?SCMMGG_@G?Gg@BCBs@K]@[CSBA?HBDj@b@DLJBAFCAJKF_@MY?Q@ICIHEAIFSFGRCC@KUAIDIE@BHANHXCCCHKBKEY`@JVB\Pf@Bj@FLKZBDE^LP?LW@@t@KHHFGPMF@JO@CFAFLXANYAa@D_@Jq@XMTVf@?LEDe@@QUWEID?HG?[b@MBOLCLBPQFGNBDODSAEL@VDDEX@JKd@?TMJ?JIR?PSRGXa@l@On@MDBKDJOQRLDj@ENUDDIF?dAt@H\RDTHZVDEF@JVXXAHDLc@ICDi@Pd@AZN@PGLNXAHBJK@?JGBPOGI@EDDECDCOeASMk@BJ?\Y^GIIQa@sAk@i@q@[CGOQB@OCKCDa@Be@`@kAzBs@t@OKEXE??Bi@Lq@FQEe@JIF]?a@HWSOCG[S]KIc@EI]EE@QOSW??Gg@GOc@OGAOIEBe@EQJI@IGMO?Bk@KYOIAWBa@G_@KQEk@YYCQDAIAAJJSBi@G]@yAMACSWe@CUOIEMe@QSMEKKFIGAFJADRTGd@VJ@Rf@NFJV?PHPTLFA?PQx@OMOFESKKOJMb@S@WYIPGCIFWBCDHBCHHPCNTRBG_@VWU?DJ@JWLAIFDYEADQb@X[TDHMTAHLHJCFVNCJPFABFRGTPTAFRTPNr@NJAXJJDEVBFX?PE\KNBD?NON[ESNU@e@M]?CGSFGJEAUJOWE@ANUTAHCA@LEID]E@HNMBCE?[DIC?CLUTBLATd@^b@J?D^RL@ZCLI^PJCNHNAHJb@Ff@A`@MVZJAZj@RLDHl@XFEf@FF]XKl@NhAW,2,4.148646887154,45.11666666666667,0.7519444444444444
2,Out and walk back,11906.8,6022,6870,206.4,Run,6683286710,2022-02-14T17:31:12Z,2022-02-14T12:31:12Z,(GMT-05:00) America/New_York,-18000.0,"[37.76860021054745, -83.60632508061826]","[37.768545895814896, -83.60630596987903]",1.977,4.794,375.3,278.4,7107639050,7107639050,2E389FE9-FE96-4F6E-9464-E045370A2C45-activity.fit,5,a6683286710,wtoeFpjh}N@MYeAWa@mAgDGaAFkA?u@_@qAmA_B_BKY_@Gs@@c@JYCMr@}AF_@JSByBZoBzAsCL_@D_@?c@iAyHDcAEWMe@o@qAUw@?iALaAR_@VO|C}@b@c@D@RY@KA_AWkAgD_JQy@GeAFq@Na@vA{@hAw@Te@Jy@Eo@y@wAYs@?wJk@}BMiAHw@XmAFk@B_AEcA[uBWuC[cAy@QwATsAaAW?uA_@g@Q_@]McA`@}G@m@Eg@QU{@e@mEwBg@[UYM_A^iD@u@Wc@w@e@QWCWDc@Pc@x@yATUl@It@Nb@ST[\oAf@gA\a@p@SzC\~@OnKsIl@y@N_AFm@C}@SyBKkCUoBOg@[eAQUeF{Fq@_BCaAF]^c@NG~@XXEx@c@FIGUBGb@PT\Dp@Y^CTDKEDEp@g@ZSCAHb@B^WTDFQ^O^m@fAo@Pc@RM?OT?b@Gz@u@Bs@Ho@G@@MJ]?_@}@oBiCaAy@e@Og@BWGk@MUCSc@WSYi@UY{@SMOa@Ge@\qA?gADQAFEIIg@Hu@cACIPK@@GOHQh@[c@k@z@U_@PuARw@FaATcA?q@HuACIUXBFENUCF^KT?LONi@Lg@dAWPAh@DFWh@YTCv@c@v@Gl@IJI\U`@Ql@MjBMTOlANt@Vh@PBJTZA?VLFX`@XF\\fBbAd@dAH|AT|Ak@t@c@lABb@FLj@d@d@p@`@x@hAlAzB|Ct@j@BVPZBXJRVlBf@lH?fAQpA[p@oD|BkBpB}@t@I?w@n@s@Tg@@iBSu@Ai@VUV[hAq@|As@`@mAKa@Ti@nAg@p@Ib@Tl@`A`@LJDPFd@i@bEJ`AX\`H|CNNPj@HnAELK~AA[?HCdBKhA@x@b@h@r@FFHlAT|AfA|AWp@RNTXzAP`CNt@PzCQdBOZI~@FjAl@bCCxINbAfAdBFbAMl@Q^}@n@cA`@o@j@G\AjAFn@VbAfDhJNz@?R]lA[ViD|@a@T_@vA?`@Ht@lAvBL^D^E|@HbAv@`F@~@UdA}@rAs@|AK|@DlBEl@[hA]d@WlAA`@Lp@PJdAIb@LNL~@`BRt@?~@IlAFfAn@lAT~@lAnC,2,7.398542485091999,100.36666666666666,1.6727777777777777
2,Chimney top snow,15478.7,7054,7596,293.4,Run,6576275626,2022-01-24T19:28:38Z,2022-01-24T14:28:38Z,(GMT-05:00) America/New_York,-18000.0,"[37.7863032091409, -83.6051522847265]","[37.786047561094165, -83.6048446688801]",2.194,4.535,375.5,304.4,6992974043,6992974043,DA08D745-6646-4152-896A-3C946A90E5CB-activity.fit,4,a6576275626,kcseFfch}NEHC[i@ZUTKXGf@XjBC~ASz@k@bAq@t@w@hBc@b@cAb@oD|@cAb@{@`AeA|B_Ax@i@ViAB_Bu@q@As@VoA`A]Fs@?yA]y@B{MzF{Bj@s@KwBgAmAwDu@cEaBqBk@qBqA}B_@a@k@OuAEwDz@{CvBqArBm@XcB@kAP_@b@q@xAgAl@y@QmBiAqCq@i@Ye@i@]}@aA_By@e@eAQmB@cBS{BeAiBXy@nCoB~Cy@l@wBTaCgAkBS{DJcDv@kBBy@j@Uf@E`BZ|@fAfB\zBbArC?h@Yr@{Ax@s@r@{@f@oEZcCo@aBX_@GgBmAeBGu@U}AyAmAc@uEEq@\O\IXKhBHtDk@dDNT^`B@`Bb@pCPl@`A~BlAxBRnAAPHLEvFy@|FB~AEyAJ]@m@b@mBDcAD_FQgBm@yAoB}Dc@_CQaDYe@w@[kADaCn@MHUj@wBv@}AtA]d@YNiAZaCJe@TA`Bl@d@NXb@Fl@j@JXj@r@nAhDPbACbAOx@Np@bAfB~@xDXb@r@|AQQ_A_Ce@kBUmA_A}AKw@LgA@{@QaA_AmCy@_AYe@cAWm@ZY@Sc@KeAS[}AEa@p@]|A_A|ASzBKFy@_A[C_@p@]JgApC_Aj@Qj@N??Hm@n@Y@HD`@SJUGCHHA[BMRg@bACTPTABs@FSCUR]B[EWf@Qb@AYa@KCJWZHx@~@JAb@wCz@sA\yAb@m@b@C|@`@Vc@Tu@ZWjE]h@]xAeB~B{@vAqAdBYz@m@t@sAXmAHiAEcDFcAT{@^c@^IfFFb@RfCxB|BBrBzApBW`Cr@hF_@fBaBx@[t@s@B{@kA{C[gCsAkBQkAHm@b@_Ax@e@fBCpCu@~CIfBDdDvAhBU~@g@~@uAfAqBf@kBh@]j@A|@NfC`AlEJr@Rx@v@Nn@xAfCbDx@rDjBr@K`@Yh@_Bd@c@~Ek@nA{BrAm@nAkAvDu@p@At@Jb@ZrB`Df@lBpAzAt@zDbApC^lAfAZ|@b@PAjC{@nGmCzDwB`@CvBr@l@Dd@StBeBp@HfBbAfBU`Aw@lB{D^[dBo@tD{@p@c@z@eC`As@d@}@NwAWkC?o@F[Na@`@c@`As@VC,2,9.618018238653,117.56666666666666,1.9594444444444445
2,Chatt Morning Run,4790.4,2036,2069,108.3,Run,6528238964,2022-01-15T15:20:05Z,2022-01-15T10:20:05Z,(GMT-05:00) America/New_York,-18000.0,"[35.10117821395397, -85.28105163015425]","[35.101376194506884, -85.28083789162338]",2.353,4.236,277.3,221.7,6941482976,6941482976,445F421D-DF62-4C8C-A79A-3C270242F981-activity.fit,0,a6528238964,iufuErmogODLHFMODBDE?KGC@EGKa@O[PWTSHm@JIDiAVa@NSN_A|A[VMDMJQDa@A_@Ky@GACW?ECe@EUGK@g@AkBSYKO@OHSXc@lAKNC@KDQ?w@Is@A[B_AREFGd@Bx@A\QZWNi@NYBODO@WFEEg@COEWQYIWCG@WXCR?x@Lj@T^LJZv@VZDPb@XR`@RR\BR?PElAGHAX?LCL?dAIhBBTBD?z@FjAC\FFDNCDBNGTAF?BD^?n@EdAQROt@SZQXILKRANKb@MlAi@B@h@WNKBG`@SHMNCDKNG?CNMNa@H[@CFABI?GLOFENWBc@E[GQGOKIK]EAOQICa@A[FULMLAASVACCTKVW|AMXOLM?CEIASBKFk@F]G]FECa@Lg@\[LOE?CEA@GODGAQOQCO?KDIFk@fAMJ[LMJCDE@CCg@?YGSAWDKFOTGd@MtAWbBCFCh@M`AEJSRoARuAL_ATYBYF[@{Bd@ECe@DQIFHTFP?z@OT?ZIRCJEH@JGL?VEPAhAUH@dAUJ@t@GrA?nANh@Ax@Bh@HHCJ@jBg@NMVGj@U`@UNCRKVE^S|@[z@WN?N?HFLZPjAHfAR`A\l@PBJABa@Eg@Lm@V[LIJANOHC`@k@`@{@H[Ju@HyANs@`@iAHa@GY[[YUCIa@c@m@}@O[WWYo@CSM_@Kq@GSGaAEKGs@@QXw@JID@@D,2,2.9766165485759997,33.93333333333333,0.5655555555555556
